Rank;Name;Currency;Pair;Volume (24h);Price;Volume (%);Liquidity;;;;;;;
Category;Fee Type;Updated;;;;;;;
3;Bitcoin;Bitcoin;BTC/USDT;$6 663 172 015;$53,530.81;6,32%;725;Spot;Percentage;Recently;
6;Binance Coin;Binance Coin;BNB/USDT;$3 189 114 242;$265.63;3,03%;343;Spot;Percentage;Recently;
8;Ethereum;Ethereum;ETH/USDT;$2 774 884 275;$1,750.11;2,63%;657;Spot;Percentage;Recently;
10;XRP;XRP;XRP/USDT;$1 715 821 545;$0.5929;1,63%;362;Spot;Percentage;Recently;
11;Bitcoin;Bitcoin;BTC/BUSD;$1 593 150 849;$53,542.14;1,51%;729;Spot;Percentage;Recently;
13;Binance USD;Binance USD;BUSD/USDT;$1 416 204 975;$1.00;1,34%;962;Spot;Percentage;Recently;
15;Cardano;Cardano;ADA/USDT;$1 091 637 762;$1.01;1,04%;334;Spot;Percentage;Recently;
19;Polkadot;Polkadot;DOT/USDT;$853 489 984;$36.25;0,81%;394;Spot;Percentage;Recently;
20;Ethereum;Ethereum;ETH/BUSD;$829 518 985;$1,749.95;0,79%;605;Spot;Percentage;Recently;
21;Ethereum;Ethereum;ETH/BTC;$780 340 597;$1,754.92;0,74%;634;Spot;Percentage;Recently;
23;Binance Coin;Binance Coin;BNB/BTC;$741 244 747;$266.16;0,70%;315;Spot;Percentage;Recently;
25;Binance Coin;Binance Coin;BNB/BUSD;$723 056 833;$265.45;0,69%;262;Spot;Percentage;Recently;
27;Dogecoin;Dogecoin;DOGE/USDT;$551 357 218;$0.05340;0,52%;329;Spot;Percentage;Recently;
29;Litecoin;Litecoin;LTC/USDT;$475 641 394;$205.04;0,45%;370;Spot;Percentage;Recently;
31;Bitcoin;Bitcoin;BTC/EUR;$402 848 206;$53,809.39;0,38%;460;Spot;Percentage;Recently;
33;IOST;IOST/USDT;$377 527 392;$0.05982;0,36%;209;Spot;Percentage;Recently;
34;Chainlink;Chainlink;LINK/USDT;$373 066 743;$30.88;0,35%;369;Spot;Percentage;Recently;
36;EOS;EOS;EOS/USDT;$361 789 724;$4.66;0,34%;338;Spot;Percentage;Recently;
37;Bitcoin Cash;Bitcoin Cash;BCH/USDT;$358 202 233;$615.98;0,34%;375;Spot;Percentage;Recently;
40;XRP;XRP;XRP/BTC;$340 333 813;$0.5939;0,32%;249;Spot;Percentage;Recently;
41;Uniswap;Uniswap;UNI/USDT;$326 061 617;$27.11;0,31%;257;Spot;Percentage;Recently;
46;USD Coin;USD Coin;USDC/USDT;$287 265 193;$1.00;0,27%;916;Spot;Percentage;Recently;
47;Cardano;Cardano;ADA/BTC;$284 275 008;$1.02;0,27%;265;Spot;Percentage;Recently;
48;Bitcoin;Bitcoin;BTC/USDC;$258 375 638;$53,567.88;0,25%;320;Spot;Percentage;Recently;
50;Swipe;Swipe;SXP/USDT;$250 808 011;$2.76;0,24%;237;Spot;Percentage;Recently;
52;Terra;Terra;LUNA/USDT;$240 783 523;$7.05;0,23%;215;Spot;Percentage;Recently;
54;Holo;Holo;HOT/USDT;$221 556 181;$0.003410;0,21%;130;Spot;Percentage;Recently;
57;Stellar;Stellar;XLM/USDT;$209 990 128;$0.4602;0,20%;268;Spot;Percentage;Recently;
58;Fantom;Fantom;FTM/USDT;$207 277 579;$0.3704;0,20%;151;Spot;Percentage;Recently;
60;Reef;Reef;REEF/USDT;$205 429 747;$0.03656;0,19%;200;Spot;Percentage;Recently;
61;BitTorrent;BitTorrent;BTT/USDT;$199 752 933;$0.001672;0,19%;180;Spot;Percentage;Recently;
62;Neo;Neo;NEO/USDT;$194 529 036;$47.83;0,18%;245;Spot;Percentage;Recently;
65;The Graph;The Graph;GRT/USDT;$184 590 449;$2.05;0,18%;185;Spot;Percentage;Recently;
68;Binance Coin;Binance Coin;BNB/EUR;$178 119 072;$267.08;0,17%;191;Spot;Percentage;Recently;
70;TRON;TRON;TRX/USDT;$173 209 989;$0.05335;0,16%;318;Spot;Percentage;Recently;
71;Euro;Euro;EUR/USDT;$173 536 326;$1.21;0,16%;720;Spot;Percentage;Recently;
72;VeChain;VeChain;VET/USDT;$172 195 210;$0.04871;0,16%;212;Spot;Percentage;Recently;
73;IOST;IOST;IOST/BTC;$169 311 736;$0.05960;0,16%;93;Spot;Percentage;Recently;
76;Ontology;Ontology;ONT/USDT;$165 806 830;$1.21;0,16%;243;Spot;Percentage;Recently;
78;Polkadot;Polkadot;DOT/BTC;$163 836 615;$36.35;0,16%;233;Spot;Percentage;Recently;
79;SushiSwap;SushiSwap;SUSHI/USDT;$158 348 607;$16.45;0,15%;204;Spot;Percentage;Recently;
80;Ethereum;Ethereum;ETH/EUR;$154 069 490;$1,758.15;0,15%;359;Spot;Percentage;Recently;
83;Filecoin;FIL/USDT;$146 457 448;$39.49;0,14%;289;Spot;Percentage;Recently;
85;Aave;AAVE/USDT;$142 596 989;$409.53;0,14%;222;Spot;Percentage;Recently;
90;Ravencoin;RVN/USDT;$130 871 945;$0.1802;0,12%;170;Spot;Percentage;Recently;
91;Cardano;ADA/BUSD;$129 562 322;$1.01;0,12%;182;Spot;Percentage;Recently;
92;Pundi X;NPXS/USDT;$130 559 898;$0.002798;0,12%;145;Spot;Percentage;Recently;
94;Cosmos;ATOM/USDT;$124 851 403;$19.62;0,12%;236;Spot;Percentage;Recently;
96;Litecoin;LTC/BTC;$121 146 332;$205.37;0,11%;367;Spot;Percentage;Recently;
98;Dogecoin;DOGE/BTC;$116 943 411;$0.05310;0,11%;97;Spot;Percentage;Recently;
99;Dash;DASH/USDT;$118 627 152;$274.11;0,11%;221;Spot;Percentage;Recently;
100;Polygon;MATIC/USDT;$114 725 556;$0.1480;0,11%;175;Spot;Percentage;Recently;
102;PancakeSwap;CAKE/USDT;$112 032 574;$15.08;0,11%;170;Spot;Percentage;Recently;
103;Elrond;EGLD/USDT;$109 494 140;$128.77;0,10%;198;Spot;Percentage;Recently;
107;XRP;XRP/BUSD;$106 168 196;$0.5924;0,10%;183;Spot;Percentage;Recently;
108;Chainlink;LINK/BTC;$102 586 719;$30.93;0,10%;261;Spot;Percentage;Recently;
110;Bitcoin;BTC/GBP;$99 853 135;$53,830.93;0,09%;283;Spot;Percentage;Recently;
112;Alpha Finance Lab;ALPHA/USDT;$97 083 233;$1.48;0,09%;175;Spot;Percentage;Recently;
113;Binance Coin;BNB/ETH;$96 122 927;$265.53;0,09%;211;Spot;Percentage;Recently;
115;Venus;XVS/USDT;$95 368 526;$77.83;0,09%;140;Spot;Percentage;Recently;
116;Ethereum Classic;ETC/USDT;$94 216 249;$13.71;0,09%;267;Spot;Percentage;Recently;
118;yearn.finance;YFI/USDT;$92 459 536;$39,317.06;0,09%;190;Spot;Percentage;Recently;
119;Fantom;FTM/BTC;$91 575 954;$0.3717;0,09%;129;Spot;Percentage;Recently;
120;Ankr;ANKR/USDT;$91 485 645;$0.03106;0,09%;132;Spot;Percentage;Recently;
123;Algorand;ALGO/USDT;$90 714 662;$1.17;0,09%;205;Spot;Percentage;Recently;
124;DODO;DODO/USDT;$93 017 717;$5.69;0,09%;202;Spot;Percentage;Recently;
125;Zcash;ZEC/USDT;$89 795 033;$145.00;0,09%;257;Spot;Percentage;Recently;
126;Ethereum;ETH/USDC;$88 280 451;$1,751.08;0,08%;249;Spot;Percentage;Recently;
127;Solana;SOL/USDT;$87 538 409;$10.47;0,08%;226;Spot;Percentage;Recently;
128;Avalanche;AVAX/USDT;$87 003 466;$32.30;0,08%;203;Spot;Percentage;Recently;
129;BakeryToken;BAKE/BUSD;$85 142 347;$2.14;0,08%;133;Spot;Percentage;Recently;
130;1inch;1INCH/USDT;$83 941 471;$4.57;0,08%;211;Spot;Percentage;Recently;
132;Bitcoin Cash;BCH/BTC;$83 070 795;$617.78;0,08%;351;Spot;Percentage;Recently;
133;NEM;XEM/USDT;$81 408 351;$0.5399;0,08%;156;Spot;Percentage;Recently;
134;SafePal;SFP/USDT;$80 245 659;$2.40;0,08%;153;Spot;Percentage;Recently;
135;Tezos;XTZ/USDT;$80 211 571;$4.13;0,08%;244;Spot;Percentage;Recently;
136;IOTA;IOTA/USDT;$81 049 929;$1.28;0,08%;188;Spot;Percentage;Recently;
138;PancakeSwap;CAKE/BUSD;$77 761 953;$15.10;0,07%;106;Spot;Percentage;Recently;
142;Pound Sterling;GBP/USDT;$74 945 764;$1.40;0,07%;668;Spot;Percentage;Recently;
143;0x;ZRX/USDT;$73 203 535;$1.55;0,07%;167;Spot;Percentage;Recently;
145;BTCUP;BTCUP/USDT;$71 275 999;$165.17;0,07%;165;Spot;No Fees;Recently;
146;Band Protocol;BAND/USDT;$69 520 804;$15.09;0,07%;174;Spot;Percentage;Recently;
147;Kusama;KSM/USDT;$68 673 573;$246.09;0,07%;176;Spot;Percentage;Recently;
149;Terra;LUNA/BTC;$66 083 186;$7.08;0,06%;161;Spot;Percentage;Recently;
151;Curve DAO Token;CRV/USDT;$64 717 940;$2.52;0,06%;202;Spot;Percentage;Recently;
153;Polkadot;DOT/BUSD;$64 277 930;$36.25;0,06%;192;Spot;Percentage;Recently;
154;Cardano;ADA/EUR;$64 322 881;$1.02;0,06%;176;Spot;Percentage;Recently;
156;ICON;ICX/USDT;$64 604 286;$1.83;0,06%;154;Spot;Percentage;Recently;
158;NEM;XEM/BTC;$63 374 155;$0.5423;0,06%;140;Spot;Percentage;Recently;
159;Tether;USDT/TRY;$62 805 647;$1.02;0,06%;464;Spot;Percentage;Recently;
160;Litentry;LIT/USDT;$61 646 696;$9.18;0,06%;150;Spot;Percentage;Recently;
164;Ravencoin;RVN/BTC;$60 598 855;$0.1808;0,06%;124;Spot;Percentage;Recently;
165;Monero;XMR/USDT;$60 402 541;$218.58;0,06%;212;Spot;Percentage;Recently;
167;Dent;DENT/USDT;$57 146 762;$0.002161;0,05%;164;Spot;Percentage;Recently;
169;Zilliqa;ZIL/USDT;$58 516 629;$0.1223;0,06%;183;Spot;Percentage;Recently;
171;Ren;REN/USDT;$57 517 663;$1.28;0,05%;176;Spot;Percentage;Recently;
174;Bitcoin Standard Hashrate Token;BTCST/USDT;$55 502 476;$293.50;0,05%;147;Spot;Percentage;Recently;
175;BakeryToken;BAKE/BNB;*** $54 532 751;*** $2.16;0,05%;127;Spot;Percentage;Recently;
176;Stellar;XLM/BTC;$55 293 669;$0.4618;0,05%;181;Spot;Percentage;Recently;
177;Bancor;BNT/USDT;$53 899 082;$5.99;0,05%;157;Spot;Percentage;Recently;
178;EOS;EOS/BTC;$54 281 584;$4.67;0,05%;222;Spot;Percentage;Recently;
179;OMG Network;OMG/USDT;$54 064 707;$5.52;0,05%;213;Spot;Percentage;Recently;
180;Reef;REEF/BTC;$53 107 265;$0.03701;0,05%;76;Spot;Percentage;Recently;
181;Ankr;ANKR/BTC;$50 420 843;$0.03111;0,05%;68;Spot;Percentage;Recently;
183;XRPUP;XRPUP/USDT;$50 414 730;$5.03;0,05%;134;Spot;Percentage;Recently;
184;ETHUP;ETHUP/USDT;$50 304 842;$140.59;0,05%;124;Spot;Percentage;Recently;
185;XRP;XRP/EUR;$50 092 079;$0.5956;0,05%;195;Spot;Percentage;Recently;
186;Uniswap;UNI/BTC;$50 259 032;$27.12;0,05%;192;Spot;Percentage;Recently;
187;Binance Coin;BNB/GBP;$49 999 332;$267.80;0,05%;145;Spot;Percentage;Recently;
188;Enjin Coin;ENJ/USDT;$50 002 936;$0.5295;0,05%;149;Spot;Percentage;Recently;
189;Nexus;NXS/BTC;$48 391 555;$1.34;0,05%;113;Spot;Percentage;Recently;
192;THETA;THETA/USDT;$47 295 746;$3.25;0,04%;236;Spot;Percentage;Recently;
193;Ethereum;ETH/GBP;$46 717 031;$1,759.51;0,04%;258;Spot;Percentage;Recently;
194;BNBUP;BNBUP/USDT;$46 413 081;$617.24;0,04%;101;Spot;Percentage;Recently;
195;Qtum;QTUM/USDT;$45 886 573;$6.31;0,04%;210;Spot;Percentage;Recently;
196;SushiSwap;SUSHI/BTC;$45 780 497;$16.47;0,04%;172;Spot;Percentage;Recently;
197;Swipe;SXP/BTC;$45 572 801;$2.76;0,04%;167;Spot;Percentage;Recently;
198;Solana;SOL/BTC;$45 432 078;$10.50;0,04%;168;Spot;Percentage;Recently;
199;USD Coin;USDC/BUSD;$45 246 076;$1.00;0,04%;751;Spot;Percentage;Recently;
200;The Sandbox;SAND/USDT;$44 302 763;$0.2826;0,04%;138;Spot;Percentage;Recently;
203;The Graph;GRT/BTC;$43 464 695;$2.05;0,04%;161;Spot;Percentage;Recently;
204;VeChain;VET/BTC;$43 567 099;$0.04881;0,04%;91;Spot;Percentage;Recently;
205;Neo;NEO/BTC;$43 144 902;$48.06;0,04%;173;Spot;Percentage;Recently;
209;Ocean Protocol;OCEAN/USDT;$41 568 794;$1.08;0,04%;172;Spot;Percentage;Recently;
210;Cosmos;ATOM/BTC;$40 589 735;$19.67;0,04%;152;Spot;Percentage;Recently;
213;BTCDOWN;BTCDOWN/USDT;$39 906 775;$0.06653;0,04%;106;Spot;Percentage;Recently;
217;Serum;SRM/USDT;$38 241 683;$4.66;0,04%;174;Spot;Percentage;Recently;
220;Voyager Token;Voyager Token;BQX/BTC;$37 822 109;$6.43;0,04%;118;Spot;Percentage;Recently;
221;Ethereum;Ethereum;ETH/DAI;$37 643 622;$1,751.52;0,04%;280;Spot;Percentage;Recently;
222;PIVX;PIVX;PIVX/BTC;$37 763 321;$1.60;0,04%;88;Spot;Percentage;Recently;
223;Synthetix;Synthetix;SNX/USDT;$37 286 076;$20.73;0,04%;204;Spot;Percentage;Recently;
224;PancakeSwap;PancakeSwap;CAKE/BNB;$37 244 153;$15.13;0,04%;119;Spot;Percentage;Recently;
225;Polygon;Polygon;MATIC/BTC;$36 193 358;$0.1480;0,03%;124;Spot;Percentage;Recently;
226;Euro;Euro;EUR/BUSD;$36 558 928;$1.21;0,03%;622;Spot;Percentage;Recently;
228;Basic Attention Token;Basic Attention Token;BAT/USDT;$35 419 804;$0.5306;0,03%;176;Spot;Percentage;Recently;
229;Wrapped Bitcoin;Wrapped Bitcoin;WBTC/BTC;$35 366 443;$53,641.32;0,03%;533;Spot;Percentage;Recently;
230;Litecoin;Litecoin;LTC/BUSD;$35 213 817;$205.05;0,03%;204;Spot;Percentage;Recently;
231;Monero;Monero;XMR/BTC;$35 072 590;$219.03;0,03%;247;Spot;Percentage;Recently;
232;THORChain;THORChain;RUNE/USDT;$34 879 476;$4.28;0,03%;177;Spot;Percentage;Recently;
233;Aion;Aion;AION/USDT;$35 128 679;$0.2104;0,03%;113;Spot;Percentage;Recently;
234;Reserve Rights;Reserve Rights;RSR/USDT;$34 436 887;$0.04868;0,03%;162;Spot;Percentage;Recently;
235;NEAR Protocol;NEAR Protocol;NEAR/USDT;$34 393 306;$3.58;0,03%;180;Spot;Percentage;Recently;
236;Cardano;Cardano;ADA/ETH;$33 471 889;$1.01;0,03%;167;Spot;Percentage;Recently;
237;Chiliz;Chiliz;CHZ/USDT;$33 590 745;$0.04667;0,03%;148;Spot;Percentage;Recently;
238;Pundi X;Pundi X;NPXS/ETH;$33 385 424;$0.002811;0,03%;89;Spot;Percentage;Recently;
239;COTI;COTI;COTI/USDT;$32 812 813;$0.1893;0,03%;127;Spot;Percentage;Recently;
240;Compound;COMP/USDT;$32 486 679;$438.89;0,03%;186;Spot;Percentage;Recently;
241;bZx Protocol;BZRX/USDT;$31 696 082;$0.5669;0,03%;134;Spot;Percentage;Recently;
244;Kava.io;KAVA/USDT;$31 319 816;$4.11;0,03%;162;Spot;Percentage;Recently;
245;Aave;AAVE/BTC;$31 513 181;$410.62;0,03%;202;Spot;Percentage;Recently;
246;DFI.Money;YFII/USDT;$31 094 806;$2,730.43;0,03%;191;Spot;Percentage;Recently;
247;Bitcoin;BTC/AUD;$30 952 804;$54,404.38;0,03%;251;Spot;Percentage;Recently;
248;TRON;TRX/BTC;$31 137 803;$0.05370;0,03%;95;Spot;Percentage;Recently;
249;Bitcoin;BTC/TRY;$30 783 706;$54,764.49;0,03%;232;Spot;Percentage;Recently;
250;Algorand;Algorand;ALGO/BTC;$30 692 274;$1.17;0,03%;155;Spot;Percentage;Recently;
251;Holo;Holo;HOT/ETH;$30 004 082;$0.003398;0,03%;90;Spot;Percentage;Recently;
253;Gas;Gas;GAS/BTC;$28 801 665;$9.40;0,03%;107;Spot;Percentage;Recently;
254;Tether;Tether;USDT/DAI;$28 887 084;$1.00;0,03%;750;Spot;Percentage;Recently;
255;Binance Coin;Binance Coin;BNB/TRY;$28 656 652;$271.78;0,03%;133;Spot;Percentage;Recently;
256;Dogecoin;Dogecoin;DOGE/BUSD;$28 695 072;$0.05351;0,03%;151;Spot;Percentage;Recently;
257;Elrond;Elrond;EGLD/BTC;$28 645 030;$128.93;0,03%;149;Spot;Percentage;Recently;
259;Cardano;Cardano;ADA/BNB;$28 042 661;$1.01;0,03%;152;Spot;Percentage;Recently;
260;EOSUP;EOSUP;EOSUP/USDT;*** $28 325 741;*** $4.06;0,03%;102;Spot;Percentage;Recently;
261;XRP;XRP;XRP/BNB;$27 753 548;$0.5925;0,03%;117;Spot;Percentage;Recently;
263;Binance Coin;Binance Coin;BNB/USDC;$27 407 328;$264.73;0,03%;132;Spot;Percentage;Recently;
264;Chainlink;Chainlink;LINK/BUSD;$27 411 967;$30.89;0,03%;204;Spot;Percentage;Recently;
265;Enjin Coin;Enjin Coin;ENJ/BTC;$27 281 488;$0.5289;0,03%;146;Spot;Percentage;Recently;
266;FTX Token;FTX Token;FTT/USDT;$27 125 154;$31.64;0,03%;178;Spot;Percentage;Recently;
268;Bancor;Bancor;BNT/BTC;$26 097 611;$6.03;0,02%;134;Spot;Percentage;Recently;
270;Holo;Holo;HOT/BNB;$25 484 148;$0.003401;0,02%;91;Spot;Percentage;Recently;
271;EOS;EOS;EOS/BUSD;$25 279 986;$4.66;0,02%;169;Spot;Percentage;Recently;
272;TrueUSD;TrueUSD;TUSD/USDT;$25 366 343;$1.00;0,02%;572;Spot;Percentage;Recently;
273;Polkadot;Polkadot;DOT/BNB;$24 865 672;$36.19;0,02%;160;Spot;Percentage;Recently;
274;Theta Fuel;TFUEL/USDT;$24 957 176;$0.08430;0,02%;135;Spot;Percentage;Recently;
275;PancakeSwap;CAKE/BTC;$25 097 355;$15.13;0,02%;125;Spot;Percentage;Recently;
277;Injective Protocol;INJ/USDT;$24 916 439;$15.49;0,02%;146;Spot;Percentage;Recently;
278;XRP;XRP/ETH;$24 257 922;$0.5919;0,02%;137;Spot;Percentage;Recently;
280;Terra;LUNA/BUSD;$24 157 782;$7.06;0,02%;123;Spot;Percentage;Recently;
281;Loopring;LRC/USDT;$23 742 418;$0.6591;0,02%;162;Spot;Percentage;Recently;
283;yearn.finance;YFI/BTC;$23 356 195;$39,395.47;0,02%;167;Spot;Percentage;Recently;
284;UNIUP;UNIUP/USDT;$22 824 821;$34.90;0,02%;98;Spot;Percentage;Recently;
285;IOTA;IOTA/BTC;$23 478 625;$1.29;0,02%;155;Spot;Percentage;Recently;
287;Ontology Gas;ONG/USDT;$22 377 117;$0.5408;0,02%;99;Spot;Percentage;Recently;
288;Horizen;ZEN/USDT;$22 282 017;$65.18;0,02%;142;Spot;Percentage;Recently;
289;Hifi Finance;MFT/USDT;$21 853 248;$0.01606;0,02%;117;Spot;Percentage;Recently;
290;Fetch.ai;FET/USDT;$21 828 390;$0.2679;0,02%;129;Spot;Percentage;Recently;
291;Selfkey;KEY/USDT;$21 524 225;$0.01160;0,02%;97;Spot;Percentage;Recently;
292;Tezos;XTZ/BTC;$21 545 986;$4.14;0,02%;165;Spot;Percentage;Recently;
293;Uniswap;UNI/BUSD;$21 089 664;$27.09;0,02%;167;Spot;Percentage;Recently;
294;Waves;WAVES/USDT;$21 077 659;$10.45;0,02%;200;Spot;Percentage;Recently;
295;Nano;NANO/USDT;$21 023 757;$6.35;0,02%;131;Spot;Percentage;Recently;
296;Dash;DASH/BTC;$21 124 421;$274.71;0,02%;184;Spot;Percentage;Recently;
297;Ark;ARK/BTC;$20 743 237;$1.42;0,02%;103;Spot;Percentage;Recently;
298;0x;ZRX/BTC;$20 947 734;$1.55;0,02%;118;Spot;Percentage;Recently;
299;Hedera Hashgraph;HBAR/USDT;$20 516 617;$0.1388;0,02%;147;Spot;Percentage;Recently;
300;Alpha Finance Lab;ALPHA/BTC;$20 130 801;$1.48;0,02%;119;Spot;Percentage;Recently;
301;Dent;DENT/ETH;$19 007 325;$0.002154;0,02%;87;Spot;Percentage;Recently;
302;SUN;SUN/USDT;$19 625 852;$17.13;0,02%;103;Spot;Percentage;Recently;
303;ICON;ICX/BTC;$19 728 406;$1.83;0,02%;131;Spot;Percentage;Recently;
304;Polkadot;DOT/EUR;$19 496 714;$36.43;0,02%;159;Spot;Percentage;Recently;
305;Swipe;SXP/BUSD;$19 520 074;$2.76;0,02%;146;Spot;Percentage;Recently;
306;Orchid;OXT/USDT;$19 201 010;$0.5855;0,02%;114;Spot;Percentage;Recently;
307;Basic Attention Token;BAT/BTC;$19 157 450;$0.5321;0,02%;141;Spot;Percentage;Recently;
309;Ren;REN/BTC;$19 281 007;$1.29;0,02%;152;Spot;Percentage;Recently;
310;Ontology;ONT/BTC;$18 854 705;$1.21;0,02%;121;Spot;Percentage;Recently;
311;Bitcoin;BTC/BRL;$18 723 229;$54,877.31;0,02%;258;Spot;Percentage;Recently;
312;Bitcoin;BTC/DAI;$18 645 436;$53,573.23;0,02%;235;Spot;Percentage;Recently;
313;Filecoin;FIL/BTC;$18 838 574;$39.53;0,02%;167;Spot;Percentage;Recently;
314;ADAUP;ADAUP/USDT;$18 385 268;$82.60;0,02%;92;Spot;Percentage;Recently;
315;Stellar;XLM/BUSD;$18 568 438;$0.4599;0,02%;176;Spot;Percentage;Recently;
316;FTX Token;FTX Token;FTT/BTC;$18 389 708;$31.71;0,02%;140;Spot;Percentage;Recently;
317;Aion;Aion;AION/BTC;$18 248 482;$0.2103;0,02%;107;Spot;Percentage;Recently;
318;Venus;Venus;XVS/BTC;$18 010 592;$77.77;0,02%;96;Spot;Percentage;Recently;
319;Trust Wallet Token;Trust Wallet Token;TWT/USDT;$17 593 771;$0.7169;0,02%;149;Spot;Percentage;Recently;
320;TomoChain;TomoChain;TOMO/USDT;$17 788 685;$1.72;0,02%;142;Spot;Percentage;Recently;
321;The Sandbox;The Sandbox;SAND/BTC;$17 719 808;$0.2843;0,02%;119;Spot;Percentage;Recently;
322;Australian Dollar;Australian Dollar;AUD/USDT;$17 582 148;$0.7782;0,02%;261;Spot;Percentage;Recently;
323;Zilliqa;Zilliqa;ZIL/BTC;$17 638 794;$0.1224;0,02%;105;Spot;Percentage;Recently;
324;COTI;COTI;COTI/BTC;$17 084 748;$0.1901;0,02%;123;Spot;Percentage;Recently;
325;Unifi Protocol DAO;Unifi Protocol DAO;UNFI/USDT;$17 332 424;$22.04;0,02%;126;Spot;Percentage;Recently;
326;Terra;Terra;LUNA/BNB;$17 075 160;$7.07;0,02%;121;Spot;Percentage;Recently;
327;XTZUP;XTZUP;XTZUP/USDT;$16 823 637;$0.7893;0,02%;121;Spot;Percentage;Recently;
329;OMG Network;OMG Network;OMG/BTC;$16 443 610;$5.54;0,02%;155;Spot;Percentage;Recently;
330;DIA;DIA;DIA/USDT;$16 286 364;$2.67;0,02%;125;Spot;Percentage;Recently;
331;Flamingo;Flamingo;FLM/USDT;$16 160 305;$0.4333;0,02%;164;Spot;Percentage;Recently;
332;XLMUP;XLMUP;XLMUP/USDT;$16 092 723;$18.77;0,02%;89;Spot;Percentage;Recently;
333;THETA;THETA;THETA/BTC;$16 260 131;$3.26;0,02%;157;Spot;Percentage;Recently;
334;LTCUP;LTCUP;LTCUP/USDT;$16 135 620;$37.40;0,02%;105;Spot;Percentage;Recently;
335;Kusama;Kusama;KSM/BTC;$16 104 564;$246.90;0,02%;155;Spot;Percentage;Recently;
336;Pound Sterling;GBP/BUSD;$15 922 625;$1.40;0,02%;435;Spot;Percentage;Recently;
337;Bitcoin;BTC/PAX;$15 842 348;$53,346.40;0,02%;219;Spot;Percentage;Recently;
338;ETHDOWN;ETHDOWN/USDT;$15 979 112;$0.007913;0,02%;95;Spot;Percentage;Recently;
339;Decentraland;MANA/USDT;$15 686 326;$0.2777;0,01%;152;Spot;Percentage;Recently;
340;Tellor;TRB/USDT;$15 664 226;$40.46;0,01%;144;Spot;Percentage;Recently;
341;Bitcoin Gold;BTG/BTC;$15 336 047;$31.91;0,01%;117;Spot;Percentage;Recently;
342;Oasis Network;ROSE/USDT;$15 416 328;$0.1074;0,01%;161;Spot;Percentage;Recently;
343;Beacon ETH;BETH/ETH;$15 286 395;$1,734.49;0,01%;403;Spot;Percentage;Recently;
344;Bitcoin;BTC/TUSD;$15 284 647;$53,369.95;0,01%;164;Spot;Percentage;Recently;
345;Elrond;EGLD/BUSD;$15 264 524;$128.66;0,01%;134;Spot;Percentage;Recently;
346;Zcash;ZEC/BTC;$15 185 647;$145.19;0,01%;166;Spot;Percentage;Recently;
347;Harmony;ONE/USDT;$15 136 043;$0.02621;0,01%;132;Spot;Percentage;Recently;
348;Venus;XVS/BNB;$15 125 193;$78.22;0,01%;101;Spot;Percentage;Recently;
349;Maker;MKR/USDT;$14 771 133;$2,327.62;0,01%;163;Spot;Percentage;Recently;
350;Civic;CVC/USDT;$14 836 978;$0.4113;0,01%;126;Spot;Percentage;Recently;
351;Komodo;KMD/USDT;$14 763 172;$1.49;0,01%;106;Spot;Percentage;Recently;
352;Ethereum Classic;ETC/BTC;$14 686 002;$13.75;0,01%;181;Spot;Percentage;Recently;
353;IoTeX;IOTX/USDT;$14 682 801;$0.02498;0,01%;104;Spot;Percentage;Recently;
355;Theta Fuel;TFUEL/BTC;$14 555 785;$0.08484;0,01%;99;Spot;Percentage;Recently;
356;WazirX;WRX/USDT;$14 553 146;$0.3075;0,01%;108;Spot;Percentage;Recently;
357;Kyber Network;KNC/USDT;$14 166 175;$1.91;0,01%;143;Spot;Percentage;Recently;
358;Bitcoin Cash;BCH/BUSD;$14 327 041;$616.25;0,01%;190;Spot;Percentage;Recently;
359;Dogecoin;DOGE/EUR;$14 056 365;$0.05381;0,01%;113;Spot;Percentage;Recently;
360;XRP;XRP/TRY;$13 685 525;$0.6057;0,01%;119;Spot;Percentage;Recently;
361;Cardano;ADA/USDC;$13 628 550;$1.01;0,01%;117;Spot;Percentage;Recently;
362;VeChain;VET/BUSD;$13 675 359;$0.04877;0,01%;151;Spot;Percentage;Recently;
363;Avalanche;AVAX/BTC;$13 641 582;$32.34;0,01%;135;Spot;Percentage;Recently;
365;Band Protocol;BAND/BTC;$13 288 697;$15.14;0,01%;122;Spot;Percentage;Recently;
366;Synthetix;SNX/BTC;$13 275 315;$20.78;0,01%;177;Spot;Percentage;Recently;
367;EOSDOWN;EOSDOWN/USDT;$13 138 917;$0.2611;0,01%;97;Spot;Percentage;Recently;
368;HARD Protocol;HARD/USDT;$12 972 255;$1.77;0,01%;107;Spot;Percentage;Recently;
369;BNBDOWN;BNBDOWN/USDT;$13 006 950;$0.002851;0,01%;67;Spot;Percentage;Recently;
370;XRPDOWN;XRPDOWN/USDT;$13 461 382;$0.001154;0,01%;85;Spot;Percentage;Recently;
371;UNIDOWN;UNIDOWN/USDT;$13 045 806;$0.005392;0,01%;72;Spot;Percentage;Recently;
372;TRXUP;TRXUP/USDT;$12 670 732;$3.67;0,01%;111;Spot;Percentage;Recently;
373;THORChain;RUNE/BTC;$12 553 115;$4.30;0,01%;126;Spot;Percentage;Recently;
374;Venus;XVS/BUSD;$12 463 713;$77.89;0,01%;90;Spot;Percentage;Recently;
375;Litecoin;LTC/EUR;$12 393 930;$206.32;0,01%;175;Spot;Percentage;Recently;
376;Origin Protocol;OGN/USDT;$12 020 396;$0.3708;0,01%;101;Spot;Percentage;Recently;
377;Bitcoin Standard Hashrate Token;BTCST/BTC;$12 124 608;$292.76;0,01%;86;Spot;Percentage;Recently;
378;Chainlink;LINK/ETH;$12 208 832;$30.95;0,01%;140;Spot;Percentage;Recently;
379;SXPUP;SXPUP/USDT;$12 415 518;$1.81;0,01%;97;Spot;Percentage;Recently;
380;iExec RLC;RLC/USDT;$12 161 233;$1.85;0,01%;145;Spot;Percentage;Recently;
381;Verge;XVG/BTC;$11 771 731;$0.02199;0,01%;63;Spot;Percentage;Recently;
382;DigiByte;DGB/USDT;$12 139 880;$0.06866;0,01%;121;Spot;Percentage;Recently;
383;Binance USD;BUSD/TRY;$11 878 257;$1.02;0,01%;313;Spot;Percentage;Recently;
384;FILUP;FILUP/USDT;$12 065 513;$4.97;0,01%;76;Spot;Percentage;Recently;
385;DODO;DODO/BTC;$12 090 057;$5.69;0,01%;94;Spot;Percentage;Recently;
386;pNetwork;PNT/USDT;$11 835 499;$1.57;0,01%;99;Spot;Percentage;Recently;
387;VeThor Token;VTHO/USDT;$11 778 628;$0.005802;0,01%;135;Spot;Percentage;Recently;
388;JUST;JST/USDT;$11 761 938;$0.05621;0,01%;152;Spot;Percentage;Recently;
389;Paxos Standard;PAX/USDT;$11 750 842;$1.00;0,01%;556;Spot;Percentage;Recently;
390;CertiK;CTK/USDT;$11 694 695;$1.87;0,01%;133;Spot;Percentage;Recently;
391;Fetch.ai;FET/BTC;$11 665 577;$0.2690;0,01%;105;Spot;Percentage;Recently;
392;DOTUP;DOTUP/USDT;$11 610 303;$162.78;0,01%;111;Spot;Percentage;Recently;
393;DODO;DODO/BUSD;$11 777 535;$5.67;0,01%;97;Spot;Percentage;Recently;
394;Akropolis;AKRO/USDT;$11 573 052;$0.03828;0,01%;127;Spot;Percentage;Recently;
395;Bella Protocol;Bella Protocol;BEL/USDT;$11 389 124;$2.56;0,01%;134;Spot;Percentage;Recently;
396;Ravencoin;Ravencoin;RVN/BUSD;$11 441 211;$0.1808;0,01%;111;Spot;Percentage;Recently;
397;Ethereum;Ethereum;ETH/TRY;$11 391 759;$1,789.63;0,01%;170;Spot;Percentage;Recently;
398;1inch;1inch;1INCH/BTC;$11 294 850;$4.58;0,01%;142;Spot;Percentage;Recently;
399;XRP;XRP;XRP/GBP;$11 210 967;$0.5948;0,01%;129;Spot;Percentage;Recently;
400;YFIUP;YFIUP;YFIUP/USDT;$11 292 690;$8.66;0,01%;95;Spot;Percentage;Recently;
401;YFIUP;YFIUP;YFIUP/USDT;$11 096 566;$8.50;0,01%;102;Spot;Percentage;Recently;
402;Binance USD;Binance USD;BUSD/DAI;$11 053 329;$1.00;0,01%;821;Spot;Percentage;Recently;
403;XRP;XRP;XRP/GBP;$11 051 055;$0.5880;0,01%;131;Spot;Percentage;Recently;
404;Qtum;Qtum;QTUM/BTC;$11 031 624;$6.34;0,01%;154;Spot;Percentage;Recently;
405;SUSHIUP;SUSHIUP;SUSHIUP/USDT;$10 909 609;$63.28;0,01%;103;Spot;Percentage;Recently;
406;BitShares;BitShares;BTS/USDT;$10 899 872;$0.05420;0,01%;134;Spot;Percentage;Recently;
407;Komodo;Komodo;KMD/BTC;$10 872 119;$1.50;0,01%;99;Spot;Percentage;Recently;
408;Binance Coin;Binance Coin;BNB/AUD;$10 500 270;$268.51;0,01%;136;Spot;Percentage;Recently;
409;Lisk;Lisk;LSK/USDT;$10 470 239;$3.29;0,01%;116;Spot;Percentage;Recently;
410;ICON;ICON;ICX/BUSD;$10 462 718;$1.83;0,01%;142;Spot;Percentage;Recently;
411;DigiByte;DigiByte;DGB/BTC;$10 376 352;$0.06927;0,01%;91;Spot;Percentage;Recently;
412;StormX;StormX;STMX/USDT;$10 319 321;$0.01122;0,01%;105;Spot;Percentage;Recently;
413;Frontier;Frontier;FRONT/BUSD;$10 294 617;$3.43;0,01%;124;Spot;Percentage;Recently;
414;Balancer;Balancer;BAL/USDT;$10 287 828;$40.45;0,01%;164;Spot;Percentage;Recently;
415;Siacoin;Siacoin;SC/USDT;$10 032 008;$0.01168;0,01%;141;Spot;Percentage;Recently;
416;Reserve Rights;Reserve Rights;RSR/BTC;$9 984 091;$0.04886;0,01%;85;Spot;Percentage;Recently;
417;Burger Swap;Burger Swap;BURGER/BNB;$9 900 262;$7.47;0,01%;148;Spot;Percentage;Recently;
418;Fantom;Fantom;FTM/BNB;$9 845 923;$0.3771;0,01%;77;Spot;Percentage;Recently;
419;LINKUP;LINKUP;LINKUP/USDT;$9 843 678;$21.54;0,01%;91;Spot;Percentage;Recently;
420;Solana;Solana;SOL/BUSD;$9 828 797;$10.69;0,01%;163;Spot;Percentage;Recently;
421;Ocean Protocol;Ocean Protocol;OCEAN/BTC;$9 802 295;$1.10;0,01%;137;Spot;Percentage;Recently;
422;Celer Network;Celer Network;CELR/USDT;$9 800 356;$0.02031;0,01%;104;Spot;Percentage;Recently;
423;VeChain;VeChain;VET/ETH;$9 800 220;$0.04916;0,01%;124;Spot;Percentage;Recently;
424;Aragon;Aragon;ANT/USDT;$9 771 475;$5.41;0,01%;125;Spot;Percentage;Recently;
425;BitTorrent;BitTorrent;BTT/BUSD;$9 760 292;$0.001676;0,01%;123;Spot;Percentage;Recently;
426;Stacks;Stacks;STX/USDT;$9 739 848;$0.7167;0,01%;153;Spot;Percentage;Recently;
427;Curve DAO Token;Curve DAO Token;CRV/BTC;$9 466 393;$2.52;0,01%;145;Spot;Percentage;Recently;
428;IOST;IOST;IOST/BNB;$9 465 185;$0.06204;0,01%;76;Spot;Percentage;Recently;
429;XRP;XRP;XRP/USDC;$9 420 969;$0.5804;0,01%;125;Spot;Percentage;Recently;
430;SKALE Network;SKALE Network;SKL/USDT;$9 413 299;$0.2625;0,01%;120;Spot;Percentage;Recently;
431;Aave;Aave;AAVE/BUSD;$9 312 340;$412.42;0,01%;150;Spot;Percentage;Recently;
432;Litentry;Litentry;LIT/BTC;$9 271 114;$9.32;0,01%;91;Spot;Percentage;Recently;
433;Avalanche;Avalanche;AVAX/TRY;$9 242 104;$32.82;0,01%;118;Spot;Percentage;Recently;
434;SafePal;SafePal;SFP/BUSD;$9 234 200;$2.43;0,01%;104;Spot;Percentage;Recently;
435;Compound;Compound;COMP/BTC;$9 181 017;$442.09;0,01%;168;Spot;Percentage;Recently;
436;Binance Coin;Binance Coin;BNB/DAI;$9 165 450;$264.99;0,01%;156;Spot;Percentage;Recently;
437;Orion Protocol;Orion Protocol;ORN/USDT;$9 154 074;$9.00;0,01%;115;Spot;Percentage;Recently;
438;Harmony;ONE/BTC;$9 153 446;$0.02524;0,01%;68;Spot;Percentage;Recently;
439;Ethereum;ETH/AUD;$9 089 366;$1,761.99;0,01%;181;Spot;Percentage;Recently;
440;Ethereum;ETH/PAX;$9 055 466;$1,743.59;0,01%;206;Spot;Percentage;Recently;
441;TrueUSD;TUSD/BUSD;$9 017 082;$1.00;0,01%;388;Spot;Percentage;Recently;
442;Polygon;MATIC/BUSD;$8 964 953;$0.1520;0,01%;113;Spot;Percentage;Recently;
443;Decred;DCR/BTC;$8 934 911;$152.45;0,01%;116;Spot;Percentage;Recently;
444;SushiSwap;SUSHI/BUSD;$8 921 651;$16.25;0,01%;148;Spot;Percentage;Recently;
445;Cosmos;ATOM/BUSD;$8 852 020;$19.58;0,01%;129;Spot;Percentage;Recently;
446;WINk;WIN/USDT;$8 847 900;$0.0002308;0,01%;105;Spot;Percentage;Recently;
447;SafePal;SFP/BTC;$8 822 554;$2.44;0,01%;89;Spot;Percentage;Recently;
448;Serum;SRM/BTC;$8 805 713;$4.71;0,01%;139;Spot;Percentage;Recently;
449;Frax Share;FXS/BUSD;$8 668 410;$9.59;0,01%;132;Spot;Percentage;Recently;
450;Cartesi;CTSI/USDT;$8 657 853;$0.1928;0,01%;99;Spot;Percentage;Recently;
451;Dogecoin;DOGE/TRY;$8 586 743;$0.05495;0,01%;102;Spot;Percentage;Recently;
452;Binance Coin;BNB/BRL;$8 582 688;$270.88;0,01%;132;Spot;Percentage;Recently;
453;Litecoin;LTC/ETH;$8 549 088;$205.67;0,01%;136;Spot;Percentage;Recently;
454;Ravencoin;RVN/BNB;$8 367 655;$0.1811;0,01%;77;Spot;Percentage;Recently;
455;The Graph;GRT/EUR;$8 299 754;$2.06;0,01%;121;Spot;Percentage;Recently;
456;Axie Infinity;AXS/USDT;$8 268 454;$1.64;0,01%;114;Spot;Percentage;Recently;
457;AAVEUP;AAVEUP/USDT;$8 120 622;$138.54;0,01%;122;Spot;Percentage;Recently;
458;ADADOWN;ADADOWN/USDT;$8 094 328;$0.001420;0,01%;86;Spot;Percentage;Recently;
459;Chiliz;CHZ/BTC;$8 068 582;$0.04779;0,01%;78;Spot;Percentage;Recently;
460;Injective Protocol;INJ/BTC;$8 034 694;$15.83;0,01%;111;Spot;Percentage;Recently;
461;Chainlink;LINK/EUR;$8 023 239;$31.06;0,01%;146;Spot;Percentage;Recently;
462;EOS;EOS/ETH;$8 005 301;$4.66;0,01%;172;Spot;Percentage;Recently;
463;Contentos;COS/USDT;$7 998 619;$0.01756;0,01%;113;Spot;Percentage;Recently;
464;Ontology Gas;ONG/BTC;$7 892 402;$0.5477;0,01%;91;Spot;Percentage;Recently;
465;Loopring;LRC/BTC;$7 790 200;$0.6599;0,01%;136;Spot;Percentage;Recently;
466;TRON;TRX/BUSD;$7 788 748;$0.05338;0,01%;164;Spot;Percentage;Recently;
467;IoTeX;IOTX/BTC;$7 740 560;$0.02524;0,01%;55;Spot;Percentage;Recently;
468;Tether;USDT/BRL;$7 661 653;$1.02;0,01%;305;Spot;Percentage;Recently;
469;bZx Protocol;BZRX/BTC;$7 627 168;$0.5724;0,01%;99;Spot;Percentage;Recently;
470;PIVX;PIVX/ETH;$7 587 745;$1.65;0,01%;69;Spot;Percentage;Recently;
471;Storj;STORJ/USDT;$7 487 834;$0.7294;0,01%;133;Spot;Percentage;Recently;
472;Celer Network;CELR/BTC;$7 478 874;$0.01987;0,01%;57;Spot;Percentage;Recently;
473;Swipe;SXP/BNB;$7 462 119;$2.76;0,01%;110;Spot;Percentage;Recently;
474;Lisk;LSK/BTC;$7 290 791;$3.30;0,01%;110;Spot;Percentage;Recently;
475;Neo;NEO/BUSD;$7 254 213;$47.76;0,01%;138;Spot;Percentage;Recently;
476;Tezos;XTZ/BUSD;$7 188 875;$4.14;0,01%;143;Spot;Percentage;Recently;
477;Kyber Network;KNC/BTC;$7 066 151;$1.93;0,01%;148;Spot;Percentage;Recently;
478;IOST;IOST/ETH;$6 971 370;$0.06239;0,01%;87;Spot;Percentage;Recently;
479;New BitShares;NBS/USDT;$6 951 594;$0.02233;0,01%;131;Spot;Percentage;Recently;
480;Elrond;Elrond;EGLD/BNB;$6 939 935;$128.81;0,01%;108;Spot;Percentage;Recently;
481;TomoChain;TomoChain;TOMO/BTC;$6 875 401;$1.74;0,01%;120;Spot;Percentage;Recently;
482;Kusama;Kusama;KSM/BUSD;$6 871 284;$252.08;0,01%;112;Spot;Percentage;Recently;
483;Spartan Protocol;Spartan Protocol;SPARTA/BNB;$6 815 389;$1.36;0,01%;85;Spot;Percentage;Recently;
484;Bluzelle;Bluzelle;BLZ/USDT;$6 810 979;$0.1793;0,01%;138;Spot;Percentage;Recently;
485;Beam;Beam;BEAM/USDT;$6 778 667;$0.7153;0,01%;111;Spot;Percentage;Recently;
486;DIA;DIA;DIA/BTC;$6 767 742;$2.69;0,01%;106;Spot;Percentage;Recently;
487;Filecoin;Filecoin;FIL/BUSD;$6 712 751;$39.00;0,01%;136;Spot;Percentage;Recently;
488;Solana;Solana;SOL/BNB;*** $6 702 114;*** $10.75;0,01%;88;Spot;Percentage;Recently;
489;Bitcoin Standard Hashrate Token;Bitcoin Standard Hashrate Token;BTCST/BUSD;$6 476 422;$292.36;0,01%;90;Spot;Percentage;Recently;
490;StormX;StormX;STMX/BTC;$6 380 523;$0.01072;0,01%;45;Spot;Percentage;Recently;
491;Stellar;Stellar;XLM/EUR;$6 353 437;$0.4631;0,01%;129;Spot;Percentage;Recently;
492;WazirX;WazirX;WRX/BTC;$6 334 722;$0.3107;0,01%;96;Spot;Percentage;Recently;
493;Skycoin;Skycoin;SKY/BTC;$6 332 122;$2.28;0,01%;114;Spot;Percentage;Recently;
494;Wanchain;Wanchain;WAN/USDT;$6 328 628;$0.9123;0,01%;112;Spot;Percentage;Recently;
495;Algorand;Algorand;ALGO/BUSD;$6 310 202;$1.16;0,01%;145;Spot;Percentage;Recently;
496;BitTorrent;BitTorrent;BTT/BNB;$6 269 404;$0.001678;0,01%;87;Spot;Percentage;Recently;
497;Decentraland;Decentraland;MANA/BTC;$6 265 130;$0.2824;0,01%;125;Spot;Percentage;Recently;
498;Horizen;Horizen;ZEN/BTC;$6 216 718;$64.67;0,01%;120;Spot;Percentage;Recently;
499;Bitcoin;Bitcoin;BTC/BIDR;$6 157 777;$53,520.28;0,01%;196;Spot;Percentage;Recently;
500;Binance Coin;Binance Coin;BNB/BIDR;$6 120 794;$265.22;0,01%;128;Spot;Percentage;Recently;
501;Waves;Waves;WAVES/BTC;$6 117 884;$10.46;0,01%;151;Spot;Percentage;Recently;
502;Secret;Secret;SCRT/BTC;*** $6 108 701;*** $4.06;0,01%;193;Spot;Percentage;Recently;
503;Aavegotchi;Aavegotchi;GHST/BUSD;$6 086 236;$1.23;0,01%;101;Spot;Percentage;Recently;
504;Dash;Dash;DASH/BUSD;$6 052 859;$273.79;0,01%;134;Spot;Percentage;Recently;
505;Prosper;Prosper;PROS/ETH;$6 050 989;$7.23;0,01%;95;Spot;Percentage;Recently;
506;Uniswap;Uniswap;UNI/BNB;$6 047 652;$27.22;0,01%;133;Spot;Percentage;Recently;
507;Litecoin;Litecoin;LTC/USDC;$5 980 389;$205.56;0,01%;105;Spot;Percentage;Recently;
508;Alpha Finance Lab;Alpha Finance Lab;ALPHA/BUSD;$5 976 842;$1.48;0,01%;106;Spot;Percentage;Recently;
509;Kava.io;Kava.io;KAVA/BTC;$5 930 796;$4.15;0,01%;126;Spot;Percentage;Recently;
510;Ethereum;Ethereum;ETH/TUSD;$5 862 978;$1,746.38;0,01%;146;Spot;Percentage;Recently;
511;Power Ledger;Power Ledger;POWR/BTC;$5 788 805;$0.2502;0,01%;113;Spot;Percentage;Recently;
512;Decred;Decred;DCR/USDT;$5 731 487;$152.15;0,01%;106;Spot;Percentage;Recently;
513;PAX Gold;PAX Gold;PAXG/USDT;$5 685 755;$1,832.12;0,01%;211;Spot;Percentage;Recently;
514;Voyager Token;Voyager Token;BQX/ETH;$5 664 009;$6.45;0,01%;84;Spot;Percentage;Recently;
515;Waltonchain;Waltonchain;WTC/USDT;$5 652 662;$1.04;0,01%;98;Spot;Percentage;Recently;
516;Cocos-BCX;Cocos-BCX;COCOS/USDT;$5 625 824;$0.9002;0,01%;107;Spot;Percentage;Recently;
517;YFIDOWN;YFIDOWN;YFIDOWN/USDT;$5 621 422;$0.007342;0,01%;80;Spot;Percentage;Recently;
518;Unifi Protocol DAO;Unifi Protocol DAO;UNFI/BTC;$5 604 682;$22.67;0,01%;99;Spot;Percentage;Recently;
519;NEM;NEM;XEM/ETH;$5 446 311;$0.5432;0,01%;94;Spot;Percentage;Recently;
520;MovieBloc;MovieBloc;MBL/USDT;$5 441 250;$0.003600;0,01%;82;Spot;Percentage;Recently;
521;Bitcoin;Bitcoin;BTC/RUB;$5 439 003;$53,833.78;0,01%;192;Spot;Percentage;Recently;
522;Stacks;Stacks;STX/BTC;$5 403 504;$0.7206;0,01%;136;Spot;Percentage;Recently;
523;Chainlink;Chainlink;LINK/USDC;$5 402 178;$30.77;0,01%;131;Spot;Percentage;Recently;
524;Origin Protocol;Origin Protocol;OGN/BTC;$5 353 064;$0.3732;0,01%;99;Spot;Percentage;Recently;
525;Chromia;Chromia;CHR/USDT;$5 257 390;$0.05836;0,00%;97;Spot;Percentage;Recently;
526;Australian Dollar;Australian Dollar;AUD/BUSD;$5 228 772;$0.7816;0,00%;277;Spot;Percentage;Recently;
527;UMA;UMA;UMA/USDT;$5 220 467;$23.65;0,00%;153;Spot;Percentage;Recently;
528;Standard Tokenization Protocol;Standard Tokenization Protocol;STPT/USDT;$5 177 068;$0.04341;0,00%;101;Spot;Percentage;Recently;
529;EasyFi;EasyFi;EASY/ETH;$5 158 711;$19.73;0,00%;131;Spot;Percentage;Recently;
530;Dusk Network;Dusk Network;DUSK/USDT;$5 078 985;$0.2581;0,00%;104;Spot;Percentage;Recently;
531;Ethereum Classic;Ethereum Classic;ETC/BUSD;$5 022 017;$13.71;0,00%;140;Spot;Percentage;Recently;
532;Neblio;Neblio;NEBL/BTC;$4 992 074;$2.44;0,00%;91;Spot;Percentage;Recently;
533;Celo;Celo;CELO/USDT;$4 973 892;$4.61;0,00%;107;Spot;Percentage;Recently;
534;Swipe;Swipe;SXP/EUR;$4 947 824;$2.76;0,00%;100;Spot;Percentage;Recently;
535;Zilliqa;Zilliqa;ZIL/BUSD;$4 947 169;$0.1235;0,00%;113;Spot;Percentage;Recently;
536;Filecoin;Filecoin;FIL/BNB;$4 887 862;$39.19;0,00%;119;Spot;Percentage;Recently;
537;yearn.finance;yearn.finance;YFI/BUSD;$4 876 239;$39,149.03;0,00%;142;Spot;Percentage;Recently;
538;Wrapped Bitcoin;Wrapped Bitcoin;WBTC/ETH;$4 868 418;$53,604.43;0,00%;107;Spot;Percentage;Recently;
539;Loom Network;Loom Network;LOOM/BTC;$4 770 349;$0.1326;0,00%;88;Spot;Percentage;Recently;
540;Oasis Network;Oasis Network;ROSE/BTC;$4 750 982;$0.1079;0,00%;100;Spot;Percentage;Recently;
541;Polymath;POLY/BTC;$4 676 954;$0.3018;0,00%;101;Spot;Percentage;Recently;
542;TRXDOWN;TRXDOWN/USDT;$4 638 508;$0.1551;0,00%;100;Spot;Percentage;Recently;
543;AdEx Network;ADX/BTC;$4 635 887;$0.6776;0,00%;159;Spot;Percentage;Recently;
544;Nervos Network;CKB/USDT;$4 630 868;$0.009608;0,00%;146;Spot;Percentage;Recently;
545;Siacoin;SC/BTC;$4 615 897;$0.01181;0,00%;46;Spot;Percentage;Recently;
546;Avalanche;AVAX/BUSD;$4 600 996;$32.01;0,00%;102;Spot;Percentage;Recently;
547;IRISnet;IRIS/USDT;$4 542 125;$0.1292;0,00%;93;Spot;Percentage;Recently;
548;Cartesi;CTSI/BTC;$4 538 419;$0.1928;0,00%;97;Spot;Percentage;Recently;
549;Neo;NEO/ETH;$4 523 499;$48.05;0,00%;120;Spot;Percentage;Recently;
550;Small Love Potion;SLP/ETH;$4 511 873;$0.06808;0,00%;85;Spot;Percentage;Recently;
551;Ontology;ONT/BUSD;$4 447 565;$1.22;0,00%;119;Spot;Percentage;Recently;
552;IOTA;IOTA/BUSD;$4 429 581;$1.30;0,00%;113;Spot;Percentage;Recently;
553;NEAR Protocol;NEAR/BTC;$4 365 918;$3.61;0,00%;130;Spot;Percentage;Recently;
554;TRON;TRX/ETH;$4 336 595;$0.05363;0,00%;140;Spot;Percentage;Recently;
555;Bounce Token;BOT/BUSD;$4 328 944;$2,783.79;0,00%;0;Spot;Percentage;34 hours ago;556;DFI.Money;YFII/BTC;$4 305 570;$2,746.55;0,00%;152;Spot;Percentage;Recently;
557;Contentos;COS/BTC;$4 296 820;$0.01772;0,00%;55;Spot;Percentage;Recently;
558;Utrust;UTK/USDT;$4 287 973;$0.3853;0,00%;130;Spot;Percentage;Recently;
559;Orchid;OXT/BTC;$4 241 429;$0.5880;0,00%;104;Spot;Percentage;Recently;
560;Hifi Finance;MFT/ETH;$4 222 887;$0.01639;0,00%;93;Spot;Percentage;Recently;
561;Orion Protocol;ORN/BTC;$4 221 528;$9.07;0,00%;91;Spot;Percentage;Recently;
562;TrueFi;TRU/USDT;$4 200 862;$0.3826;0,00%;102;Spot;Percentage;Recently;
563;Tether;USDT/BIDR;$4 189 120;$1.00;0,00%;167;Spot;Percentage;Recently;
564;Aave;AAVE/ETH;$4 187 259;$413.97;0,00%;132;Spot;Percentage;Recently;
565;Litentry;LIT/BUSD;$4 152 423;$9.30;0,00%;78;Spot;Percentage;Recently;
566;Wing;WING/USDT;$4 121 299;$28.51;0,00%;109;Spot;Percentage;Recently;
567;Litecoin;LTC/BNB;$4 060 955;$205.59;0,00%;98;Spot;Percentage;Recently;
568;pNetwork;PNT/BTC;$4 058 340;$1.57;0,00%;84;Spot;Percentage;Recently;
569;Stratis;STRAX/USDT;$4 025 803;$1.45;0,00%;122;Spot;Percentage;Recently;
570;Frontier;FRONT/BTC;$3 982 187;$3.47;0,00%;104;Spot;Percentage;Recently;
571;iExec RLC;RLC/BTC;$3 961 025;$1.86;0,00%;120;Spot;Percentage;Recently;
572;Binance USD;BUSD/BRL;$3 960 746;$1.02;0,00%;198;Spot;Percentage;Recently;
573;Bitcoin;BTC/NGN;*** $3 945 028;*** $68,484.10;0,00%;103;Spot;Percentage;Recently;
574;Cream Finance;CREAM/BUSD;$3 942 666;$172.77;0,00%;90;Spot;Percentage;Recently;
575;Enjin Coin;ENJ/BUSD;$3 897 483;$0.5280;0,00%;111;Spot;Percentage;Recently;
576;Metal;MTL/BTC;$3 860 217;$0.9655;0,00%;103;Spot;Percentage;Recently;
577;district0x;DNT/USDT;$3 851 988;$0.2776;0,00%;94;Spot;Percentage;Recently;
578;Synthetix;SNX/BUSD;$3 820 361;$20.82;0,00%;148;Spot;Percentage;Recently;
579;Ethereum;ETH/BRL;$3 819 042;$1,784.22;0,00%;180;Spot;Percentage;Recently;
580;ForTube;FOR/BUSD;$3 814 515;$0.06144;0,00%;94;Spot;Percentage;Recently;
581;BitShares;BTS/BTC;$3 803 424;$0.05410;0,00%;81;Spot;Percentage;Recently;
582;Civic;CVC/BTC;$3 777 220;$0.4118;0,00%;95;Spot;Percentage;Recently;
583;DOTDOWN;DOTDOWN/USDT;$3 775 192;$0.0008903;0,00%;69;Spot;Percentage;Recently;
584;Golem;GLM/BTC;$3 774 804;$0.3657;0,00%;80;Spot;Percentage;Recently;
585;AAVEDOWN;AAVEDOWN/USDT;$3 727 688;$0.0007062;0,00%;68;Spot;Percentage;Recently;
586;AirSwap;AST/BTC;$3 705 566;$0.2421;0,00%;102;Spot;Percentage;Recently;
587;ForTube;FOR/BTC;$3 668 020;$0.06160;0,00%;87;Spot;Percentage;Recently;
588;Binance Coin;BNB/RUB;$3 665 020;$266.64;0,00%;122;Spot;Percentage;Recently;
589;Keep3rV1;KP3R/BUSD;$3 573 984;$330.96;0,00%;115;Spot;Percentage;Recently;
590;Stellar;Stellar;XLM/BNB;$3 549 008;$0.4615;0,00%;85;Spot;Percentage;Recently;
591;Steem;Steem;STEEM/BTC;$3 525 026;$0.4517;0,00%;116;Spot;Percentage;Recently;
592;ARPA Chain;ARPA Chain;ARPA/USDT;$3 472 798;$0.03940;0,00%;139;Spot;Percentage;Recently;
593;Nano;Nano;NANO/BUSD;$3 459 235;$6.44;0,00%;101;Spot;Percentage;Recently;
594;LTO Network;LTO Network;LTO/USDT;*** $3 436 532;*** $0.3324;0,00%;101;Spot;Percentage;Recently;
595;Dusk Network;Dusk Network;DUSK/BTC;$3 436 258;$0.2588;0,00%;92;Spot;Percentage;Recently;
596;LTO Network;LTO Network;LTO/BTC;*** $3 423 313;*** $0.3329;0,00%;109;Spot;Percentage;Recently;
597;Helium;Helium;HNT/USDT;$3 419 437;$3.52;0,00%;96;Spot;Percentage;Recently;
598;Injective Protocol;Injective Protocol;INJ/BUSD;$3 417 933;$15.78;0,00%;81;Spot;Percentage;Recently;
599;The Graph;The Graph;GRT/ETH;$3 374 468;$2.06;0,00%;117;Spot;Percentage;Recently;
600;Bitcoin Diamond;Bitcoin Diamond;BCD/BTC;$3 366 254;$1.19;0,00%;107;Spot;Percentage;Recently;
601;Travala.com;Travala.com;AVA/USDT;$3 361 078;$2.61;0,00%;102;Spot;Percentage;Recently;
602;Frontier;Frontier;FRONT/ETH;$3 360 634;$3.46;0,00%;81;Spot;Percentage;Recently;
603;Injective Protocol;Injective Protocol;INJ/BNB;$3 356 280;$15.77;0,00%;74;Spot;Percentage;Recently;
604;Stellar;Stellar;XLM/ETH;$3 244 621;$0.4623;0,00%;112;Spot;Percentage;Recently;
605;Bancor;Bancor;BNT/BUSD;$3 224 359;$6.11;0,00%;95;Spot;Percentage;Recently;
606;NULS;NULS;NULS/USDT;$3 223 817;$0.6160;0,00%;105;Spot;Percentage;Recently;
607;Bounce Token;Bounce Token;BOT/BTC;$3 207 572;$2,627.99;0,00%;0;Spot;Percentage;34 hours ago;608;Loopring;Loopring;LRC/ETH;$3 192 861;$0.6587;0,00%;88;Spot;Percentage;Recently;
609;Alpha Finance Lab;Alpha Finance Lab;ALPHA/BNB;$3 177 555;$1.48;0,00%;93;Spot;Percentage;Recently;
610;Dash;Dash;DASH/BNB;$3 175 834;$275.01;0,00%;86;Spot;Percentage;Recently;
611;Beam;Beam;BEAM/BTC;$3 175 069;$0.7195;0,00%;79;Spot;Percentage;Recently;
612;Swipe;Swipe;SXP/TRY;$3 173 281;$2.82;0,00%;98;Spot;Percentage;Recently;
613;THORChain;THORChain;RUNE/BUSD;$3 140 837;$4.30;0,00%;107;Spot;Percentage;Recently;
614;Augur;Augur;REP/USDT;$3 135 082;$30.85;0,00%;99;Spot;Percentage;Recently;
615;Wrapped NXM;Wrapped NXM;WNXM/USDT;$3 129 296;$53.46;0,00%;133;Spot;Percentage;Recently;
616;QuarkChain;QuarkChain;QKC/BTC;$3 095 377;$0.01450;0,00%;50;Spot;Percentage;Recently;
617;IRISnet;IRISnet;IRIS/BTC;$3 064 914;$0.1299;0,00%;94;Spot;Percentage;Recently;
618;Ocean Protocol;Ocean Protocol;OCEAN/BUSD;$3 061 950;$1.10;0,00%;112;Spot;Percentage;Recently;
619;Bella Protocol;Bella Protocol;BEL/BTC;$3 057 248;$2.60;0,00%;87;Spot;Percentage;Recently;
620;Moeda Loyalty Points;Moeda Loyalty Points;MDA/BTC;$3 037 642;$1.18;0,00%;119;Spot;Percentage;Recently;
621;Groestlcoin;Groestlcoin;GRS/BTC;$3 035 291;$0.6551;0,00%;95;Spot;Percentage;Recently;
622;Bluzelle;Bluzelle;BLZ/BTC;$3 007 897;$0.1789;0,00%;107;Spot;Percentage;Recently;
623;Aragon;Aragon;ANT/BTC;$3 001 715;$5.44;0,00%;107;Spot;Percentage;Recently;
624;Tether;Tether;USDT/RUB;$3 000 777;$1.01;0,00%;236;Spot;Percentage;Recently;
625;Basic Attention Token;Basic Attention Token;BAT/BUSD;$2 992 619;$0.5326;0,00%;118;Spot;Percentage;Recently;
626;Tellor;Tellor;TRB/BTC;$2 989 105;$40.65;0,00%;110;Spot;Percentage;Recently;
627;HARD Protocol;HARD Protocol;HARD/BTC;$2 985 127;$1.78;0,00%;69;Spot;Percentage;Recently;
628;0x;0x;ZRX/BUSD;$2 976 885;$1.56;0,00%;102;Spot;Percentage;Recently;
629;Selfkey;Selfkey;KEY/ETH;$2 961 672;$0.01171;0,00%;83;Spot;Percentage;Recently;
630;VeChain;VeChain;VET/BNB;$2 954 934;$0.04937;0,00%;97;Spot;Percentage;Recently;
631;Storj;Storj;STORJ/BTC;$2 943 324;$0.7340;0,00%;110;Spot;Percentage;Recently;
632;Metal;Metal;MTL/USDT;$2 916 211;$0.9606;0,00%;85;Spot;Percentage;Recently;
633;Augur;Augur;REP/BTC;$2 887 850;$30.98;0,00%;90;Spot;Percentage;Recently;
634;Audius;Audius;AUDIO/USDT;$2 855 168;$0.3973;0,00%;118;Spot;Percentage;Recently;
635;Axie Infinity;Axie Infinity;AXS/BTC;$2 851 294;$1.65;0,00%;82;Spot;Percentage;Recently;
636;Bitcoin Cash;Bitcoin Cash;BCH/BNB;$2 839 118;$620.76;0,00%;116;Spot;Percentage;Recently;
637;Compound;Compound;COMP/BUSD;$2 823 568;$440.93;0,00%;144;Spot;Percentage;Recently;
638;bZx Protocol;bZx Protocol;BZRX/BUSD;$2 808 573;$0.5716;0,00%;80;Spot;Percentage;Recently;
639;Neo;Neo;NEO/BNB;$2 808 499;$47.81;0,00%;93;Spot;Percentage;Recently;
640;Hive;Hive;HIVE/USDT;$2 805 907;$0.2722;0,00%;108;Spot;Percentage;Recently;
641;Wanchain;Wanchain;WAN/BTC;$2 796 912;$0.9142;0,00%;92;Spot;Percentage;Recently;
642;Aave;Aave;AAVE/BNB;$2 791 394;$410.44;0,00%;81;Spot;Percentage;Recently;
643;SingularityNET;SingularityNET;AGI/BTC;$2 789 311;$0.1869;0,00%;98;Spot;Percentage;Recently;
644;Bitcoin Cash;Bitcoin Cash;BCH/EUR;$2 778 020;$621.60;0,00%;132;Spot;Percentage;Recently;
645;Waltonchain;Waltonchain;WTC/BTC;$2 776 643;$1.04;0,00%;80;Spot;Percentage;Recently;
646;FILDOWN;FILDOWN;FILDOWN/USDT;$2 765 970;$0.3731;0,00%;71;Spot;Percentage;Recently;
647;Cosmos;Cosmos;ATOM/BNB;$2 761 001;$19.63;0,00%;92;Spot;Percentage;Recently;
648;Ethereum;Ethereum;ETH/BIDR;$2 750 621;$1,746.07;0,00%;140;Spot;Percentage;Recently;
649;Akropolis;Akropolis;AKRO/BTC;*** $2 740 198;*** $0.03974;0,00%;69;Spot;Percentage;Recently;
650;district0x;district0x;DNT/BTC;$2 730 711;$0.2787;0,00%;115;Spot;Percentage;Recently;
651;yearn.finance;yearn.finance;YFI/BNB;$2 695 135;$39,269.88;0,00%;81;Spot;Percentage;Recently;
652;Hifi Finance;Hifi Finance;MFT/BNB;$2 674 990;$0.01630;0,00%;68;Spot;Percentage;Recently;
653;OG Fan Token;OG Fan Token;OG/USDT;$2 656 278;$5.93;0,00%;86;Spot;Percentage;Recently;
654;Gifto;Gifto;GTO/USDT;$2 651 252;$0.02382;0,00%;77;Spot;Percentage;Recently;
655;Perlin;Perlin;PERL/USDT;$2 645 032;$0.06381;0,00%;100;Spot;Percentage;Recently;
656;New BitShares;New BitShares;NBS/BTC;$2 632 670;$0.02255;0,00%;54;Spot;Percentage;Recently;
657;SUSHIDOWN;SUSHIDOWN;SUSHIDOWN/USDT;*** $2 623 416;*** $0.0002391;0,00%;69;Spot;Percentage;Recently;
658;DeXe;DeXe;DEXE/BUSD;$2 614 970;$9.40;0,00%;71;Spot;Percentage;Recently;
659;Maker;MKR/BTC;$2 587 709;$2,353.01;0,00%;124;Spot;Percentage;Recently;
660;Monero;XMR/BUSD;$2 571 058;$219.07;0,00%;135;Spot;Percentage;Recently;
661;VIDT Datalink;VIDT/BTC;$2 567 363;$0.6664;0,00%;99;Spot;Percentage;Recently;
662;VIDT Datalink;VIDT/BUSD;$2 563 792;$0.6628;0,00%;80;Spot;Percentage;Recently;
663;Syscoin;SYS/BTC;$2 557 658;$0.1734;0,00%;96;Spot;Percentage;Recently;
664;Ankr;ANKR/BNB;$2 555 619;$0.03149;0,00%;66;Spot;Percentage;Recently;
665;Chiliz;CHZ/TRY;$2 553 752;$0.04823;0,00%;101;Spot;Percentage;Recently;
666;Status;SNT/BTC;$2 532 942;$0.1026;0,00%;79;Spot;Percentage;Recently;
667;Numeraire;NMR/USDT;$2 522 191;$36.73;0,00%;94;Spot;Percentage;Recently;
668;Band Protocol;BAND/BNB;$2 507 014;$15.23;0,00%;76;Spot;Percentage;Recently;
669;TRON;TRX/BNB;$2 506 407;$0.05354;0,00%;87;Spot;Percentage;Recently;
670;ARPA Chain;ARPA/BTC;$2 500 201;$0.03920;0,00%;80;Spot;Percentage;Recently;
671;Tether;USDT/NGN;$2 489 040;$1.28;0,00%;274;Spot;Percentage;Recently;
672;Hedera Hashgraph;HBAR/BUSD;$2 487 265;$0.1429;0,00%;107;Spot;Percentage;Recently;
673;Frax Share;FXS/BTC;$2 472 388;$9.59;0,00%;65;Spot;Percentage;Recently;
674;Verge;XVG/ETH;$2 462 220;$0.02222;0,00%;112;Spot;Percentage;Recently;
675;PAX Gold;PAXG/BTC;$2 452 211;$1,838.55;0,00%;152;Spot;Percentage;Recently;
676;Cardano;ADA/TUSD;$2 444 808;$1.02;0,00%;74;Spot;Percentage;Recently;
677;IOTA;IOTA/ETH;$2 439 557;$1.30;0,00%;89;Spot;Percentage;Recently;
678;Enjin Coin;ENJ/ETH;$2 435 579;$0.5310;0,00%;87;Spot;Percentage;Recently;
679;Chromia;CHR/BTC;$2 435 478;$0.05853;0,00%;87;Spot;Percentage;Recently;
680;Aion;AION/ETH;$2 423 692;$0.2118;0,00%;59;Spot;Percentage;Recently;
681;SKALE Network;SKL/BTC;$2 422 087;$0.2642;0,00%;101;Spot;Percentage;Recently;
682;ICON;ICX/ETH;$2 416 635;$1.84;0,00%;87;Spot;Percentage;Recently;
683;Prometeus;PROM/BUSD;$2 414 948;$18.59;0,00%;78;Spot;Percentage;Recently;
684;Flamingo;FLM/BTC;*** $2 406 560;*** $0.4382;0,00%;95;Spot;Percentage;Recently;
685;JUST;JST/BTC;$2 356 050;$0.05584;0,00%;85;Spot;Percentage;Recently;
686;Balancer;BAL/BTC;$2 345 088;$40.60;0,00%;138;Spot;Percentage;Recently;
687;Trust Wallet Token;TWT/BTC;$2 336 821;$0.7152;0,00%;80;Spot;Percentage;Recently;
688;Polkadot;DOT/TRY;$2 323 089;$37.15;0,00%;121;Spot;Percentage;Recently;
689;Firo;FIRO/USDT;$2 312 041;$6.23;0,00%;109;Spot;Percentage;Recently;
690;Curve DAO Token;CRV/BUSD;$2 300 968;$2.52;0,00%;121;Spot;Percentage;Recently;
691;Avalanche;AVAX/BNB;$2 300 004;$32.11;0,00%;87;Spot;Percentage;Recently;
692;THORChain;RUNE/BNB;$2 289 035;$4.32;0,00%;80;Spot;Percentage;Recently;
693;Binance USD;BUSD/VAI;$2 287 433;$1.02;0,00%;174;Spot;Percentage;Recently;
694;QLC Chain;QLC/BTC;$2 284 502;$0.06229;0,00%;84;Spot;Percentage;Recently;
695;Travala.com;Travala.com;AVA/BTC;$2 277 963;$2.63;0,00%;98;Spot;Percentage;Recently;
696;Trust Wallet Token;Trust Wallet Token;TWT/BUSD;$2 276 962;$0.7170;0,00%;88;Spot;Percentage;Recently;
697;XLMDOWN;XLMDOWN;XLMDOWN/USDT;$2 271 535;$0.01175;0,00%;70;Spot;Percentage;Recently;
698;Mithril;Mithril;MITH/USDT;$2 263 349;$0.02085;0,00%;112;Spot;Percentage;Recently;
699;Binance Coin;Binance Coin;BNB/TUSD;$2 252 643;$265.62;0,00%;95;Spot;Percentage;Recently;
700;Utrust;Utrust;UTK/BTC;$2 242 595;$0.3866;0,00%;95;Spot;Percentage;Recently;
701;NEAR Protocol;NEAR Protocol;NEAR/BUSD;$2 214 901;$3.59;0,00%;117;Spot;Percentage;Recently;
702;Standard Tokenization Protocol;Standard Tokenization Protocol;STPT/BTC;$2 206 819;$0.04341;0,00%;70;Spot;Percentage;Recently;
703;Zcash;Zcash;ZEC/BNB;$2 203 890;$145.91;0,00%;96;Spot;Percentage;Recently;
704;Paxos Standard;Paxos Standard;PAX/BUSD;$2 196 503;$1.00;0,00%;580;Spot;Percentage;Recently;
705;Everex;Everex;EVX/BTC;$2 195 683;$0.6142;0,00%;108;Spot;Percentage;Recently;
706;Streamr;Streamr;DATA/USDT;$2 186 757;$0.09640;0,00%;102;Spot;Percentage;Recently;
707;Stratis;Stratis;STRAX/BTC;$2 185 240;$1.46;0,00%;101;Spot;Percentage;Recently;
708;Zcash;Zcash;ZEC/BUSD;$2 178 944;$146.21;0,00%;122;Spot;Percentage;Recently;
709;XRP;XRP;XRP/AUD;$2 178 334;$0.5884;0,00%;109;Spot;Percentage;Recently;
710;UMA;UMA;UMA/BTC;$2 171 143;$23.68;0,00%;114;Spot;Percentage;Recently;
711;Reserve Rights;RSR/BUSD;$2 170 775;$0.04918;0,00%;95;Spot;Percentage;Recently;
712;dForce;DF/BUSD;*** $2 151 053;*** $0.4301;0,00%;69;Spot;Percentage;Recently;
713;TROY;TROY/USDT;$2 146 748;$0.008381;0,00%;95;Spot;Percentage;Recently;
714;SUN;SUN/BTC;$2 143 330;$17.09;0,00%;85;Spot;Percentage;Recently;
715;LTCDOWN;LTCDOWN/USDT;$2 131 984;$0.01210;0,00%;80;Spot;Percentage;Recently;
716;BitTorrent;BTT/TRX;$2 128 310;$0.001666;0,00%;89;Spot;Percentage;Recently;
717;Bread;BRD/BTC;$2 101 892;$0.2241;0,00%;100;Spot;Percentage;Recently;
718;XTZDOWN;XTZDOWN/USDT;$2 086 141;$0.1891;0,00%;75;Spot;Percentage;Recently;
719;aelf;ELF/BTC;$2 084 662;$0.2658;0,00%;103;Spot;Percentage;Recently;
720;EOS;EOS/USDC;$2 056 707;$4.64;0,00%;115;Spot;Percentage;Recently;
721;RSK Infrastructure Framework;RIF/BTC;$2 048 449;$0.2711;0,00%;75;Spot;Percentage;Recently;
722;Raiden Network Token;RDN/BTC;$2 048 248;$0.5220;0,00%;102;Spot;Percentage;Recently;
723;Maker;MKR/BUSD;$2 046 720;$2,333.07;0,00%;151;Spot;Percentage;Recently;
724;Komodo;KMD/ETH;$2 046 660;$1.50;0,00%;72;Spot;Percentage;Recently;
725;Ambrosus;AMB/BTC;$2 037 237;$0.04933;0,00%;80;Spot;Percentage;Recently;
726;Bitcoin Cash;BCH/USDC;$2 031 197;$621.15;0,00%;108;Spot;Percentage;Recently;
727;POA;POA/BTC;$2 026 529;$0.06485;0,00%;81;Spot;Percentage;Recently;
728;Unifi Protocol DAO;UNFI/BUSD;$2 024 374;$22.91;0,00%;67;Spot;Percentage;Recently;
729;Bancor;BNT/ETH;$2 012 854;$6.15;0,00%;86;Spot;Percentage;Recently;
730;Dogecoin;DOGE/GBP;$2 008 769;$0.05437;0,00%;91;Spot;Percentage;Recently;
731;Ardor;ARDR/USDT;$1 994 403;$0.1772;0,00%;80;Spot;Percentage;Recently;
732;Celo;CELO/BTC;$1 990 916;$4.58;0,00%;89;Spot;Percentage;Recently;
733;SushiSwap;SUSHI/BNB;$1 988 793;$16.14;0,00%;81;Spot;Percentage;Recently;
734;Measurable Data Token;MDT/BTC;$1 980 360;$0.05143;0,00%;75;Spot;Percentage;Recently;
735;Nebulas;NAS/BTC;$1 978 178;$0.6432;0,00%;82;Spot;Percentage;Recently;
736;Stellar;XLM/TRY;$1 962 235;$0.4713;0,00%;105;Spot;Percentage;Recently;
737;Zcash;ZEC/USDC;$1 957 412;$146.31;0,00%;86;Spot;Percentage;Recently;
738;Monero;XMR/ETH;$1 940 780;$220.25;0,00%;111;Spot;Percentage;Recently;
739;WePower;WPR/BTC;$1 938 988;$0.02946;0,00%;58;Spot;Percentage;Recently;
740;StormX;STMX/ETH;$1 921 538;$0.01121;0,00%;77;Spot;Percentage;Recently;
741;Dock;DOCK/BTC;*** $1 920 825;*** $0.04234;0,00%;77;Spot;Percentage;Recently;
742;SXPDOWN;SXPDOWN/USDT;$1 916 853;$0.00001701;0,00%;36;Spot;Percentage;Recently;
743;Dash;DASH/ETH;$1 909 382;$273.00;0,00%;110;Spot;Percentage;Recently;
744;yearn.finance;YFI/EUR;$1 905 755;$39,535.41;0,00%;108;Spot;Percentage;Recently;
745;DeXe;DEXE/ETH;$1 899 305;$9.44;0,00%;56;Spot;Percentage;Recently;
746;RSK Infrastructure Framework;RIF/USDT;$1 897 592;$0.2694;0,00%;98;Spot;Percentage;Recently;
747;Zilliqa;ZIL/ETH;$1 849 082;$0.1245;0,00%;90;Spot;Percentage;Recently;
748;IoTeX;IOTX/ETH;$1 841 855;$0.02493;0,00%;74;Spot;Percentage;Recently;
749;Serum;SRM/BUSD;$1 838 962;$4.74;0,00%;113;Spot;Percentage;Recently;
750;GXChain;GXS/BTC;$1 838 471;$0.6244;0,00%;92;Spot;Percentage;Recently;
751;The Sandbox;SAND/BUSD;$1 808 063;$0.2859;0,00%;87;Spot;Percentage;Recently;
752;Viberate;VIB/BTC;$1 796 614;$0.06003;0,00%;83;Spot;Percentage;Recently;
753;Nucleus Vision;NCASH/ETH;$1 790 960;$0.002464;0,00%;76;Spot;Percentage;Recently;
754;Paris Saint-Germain Fan Token;PSG/USDT;$1 768 286;$10.46;0,00%;92;Spot;Percentage;Recently;
755;EOS;EOS/EUR;$1 761 976;$4.70;0,00%;112;Spot;Percentage;Recently;
756;EOS;EOS/BNB;$1 743 068;$4.63;0,00%;84;Spot;Percentage;Recently;
757;Ethereum;ETH/RUB;$1 739 127;$1,760.07;0,00%;152;Spot;Percentage;Recently;
758;Nervos Network;CKB/BTC;$1 728 175;$0.009643;0,00%;39;Spot;Percentage;Recently;
759;SONM;SNM/BTC;$1 718 201;$0.02411;0,00%;61;Spot;Percentage;Recently;
760;XRP;XRP/TUSD;$1 706 828;$0.5820;0,00%;103;Spot;Percentage;Recently;
761;VITE;VITE/USDT;$1 703 751;$0.03387;0,00%;96;Spot;Percentage;Recently;
762;Firo;FIRO/BTC;$1 672 277;$6.22;0,00%;92;Spot;Percentage;Recently;
763;Oasis Network;ROSE/BUSD;$1 671 394;$0.1079;0,00%;90;Spot;Percentage;Recently;
764;Ontology;ONT/ETH;$1 661 727;$1.23;0,00%;103;Spot;Percentage;Recently;
765;Wing;WING/BTC;$1 657 261;$28.51;0,00%;81;Spot;Percentage;Recently;
766;EasyFi;EASY/BTC;$1 656 411;$19.72;0,00%;82;Spot;Percentage;Recently;
767;TRON;TRX/XRP;$1 655 259;$0.05362;0,00%;80;Spot;Percentage;Recently;
768;FIO Protocol;FIO/USDT;*** $1 649 805;*** $0.1366;0,00%;91;Spot;Percentage;Recently;
769;COVER Protocol;COVER/BUSD;$1 647 808;$1,116.88;0,00%;96;Spot;Percentage;Recently;
770;Genesis Vision;GVT/BTC;$1 619 901;$4.53;0,00%;96;Spot;Percentage;Recently;
771;Navcoin;NAV/BTC;*** $1 601 941;*** $0.4631;0,00%;108;Spot;Percentage;Recently;
772;Aergo;AERGO/BTC;$1 597 019;$0.1179;0,00%;74;Spot;Percentage;Recently;
773;FTX Token;FTT/BNB;$1 593 996;$31.63;0,00%;72;Spot;Percentage;Recently;
774;CertiK;CTK/BTC;$1 591 603;$1.88;0,00%;83;Spot;Percentage;Recently;
775;Numeraire;NMR/BTC;$1 581 417;$36.70;0,00%;76;Spot;Percentage;Recently;
776;Measurable Data Token;MDT/USDT;$1 564 335;$0.05138;0,00%;79;Spot;Percentage;Recently;
777;Waves;WAVES/BUSD;$1 562 876;$10.43;0,00%;124;Spot;Percentage;Recently;
778;Bitcoin;BTC/ZAR;$1 559 245;$54,252.23;0,00%;131;Spot;Percentage;Recently;
779;Siacoin;SC/ETH;$1 556 143;$0.01171;0,00%;79;Spot;Percentage;Recently;
780;FunFair;FUN/USDT;$1 555 594;$0.03097;0,00%;89;Spot;Percentage;Recently;
781;Ripio Credit Network;RCN/BTC;$1 555 359;$0.09276;0,00%;93;Spot;Percentage;Recently;
782;Dock;DOCK/USDT;*** $1 555 026;*** $0.04239;0,00%;99;Spot;Percentage;Recently;
783;Kusama;KSM/BNB;$1 548 966;$255.11;0,00%;73;Spot;Percentage;Recently;
784;Ardor;ARDR/BTC;$1 533 355;$0.1780;0,00%;87;Spot;Percentage;Recently;
785;Secret;SCRT/ETH;$1 528 244;$4.03;0,00%;84;Spot;Percentage;Recently;
786;COTI;COTI/BNB;$1 528 132;$0.1904;0,00%;66;Spot;Percentage;Recently;
787;Qtum;QTUM/BUSD;$1 527 373;$6.32;0,00%;115;Spot;Percentage;Recently;
788;DIA;DIA/BUSD;$1 524 134;$2.70;0,00%;85;Spot;Percentage;Recently;
789;LINKDOWN;LINKDOWN/USDT;$1 517 411;$0.0009203;0,00%;73;Spot;Percentage;Recently;
790;Streamr;DATA/BTC;$1 479 890;$0.09701;0,00%;93;Spot;Percentage;Recently;
791;Viacoin;VIA/BTC;$1 479 318;$0.7386;0,00%;98;Spot;Percentage;Recently;
792;Hegic;HEGIC/BUSD;$1 444 379;$0.3580;0,00%;95;Spot;Percentage;Recently;
793;OG Fan Token;OG/BTC;$1 438 696;$5.94;0,00%;68;Spot;Percentage;Recently;
794;Audius;AUDIO/BTC;$1 438 602;$0.3982;0,00%;96;Spot;Percentage;Recently;
795;TokenClub;TCT/USDT;*** $1 409 170;*** $0.02349;0,00%;80;Spot;Percentage;Recently;
796;PAX Gold;PAXG/BNB;$1 405 904;$1,831.92;0,00%;143;Spot;Percentage;Recently;
797;0x;ZRX/ETH;$1 397 904;$1.57;0,00%;75;Spot;Percentage;Recently;
798;Harmony;Harmony;ONE/BUSD;$1 390 284;$0.02574;0,00%;90;Spot;Percentage;Recently;
799;Swerve;Swerve;SWRV/BUSD;$1 382 480;$1.44;0,00%;58;Spot;Percentage;Recently;
800;IOTA;IOTA;IOTA/BNB;$1 381 785;$1.31;0,00%;72;Spot;Percentage;Recently;
801;Zcash;Zcash;ZEC/ETH;$1 380 759;$145.78;0,00%;134;Spot;Percentage;Recently;
802;IOTA;IOTA;IOTA/BNB;$1 375 061;$1.30;0,00%;73;Spot;Percentage;Recently;
803;Cortex;Cortex;CTXC/USDT;*** $1 367 332;*** $0.1906;0,00%;90;Spot;Percentage;Recently;
804;TRON;TRON;TRX/USDC;$1 361 065;$0.05351;0,00%;105;Spot;Percentage;Recently;
805;TRON;TRON;TRX/TRY;$1 360 575;$0.05465;0,00%;107;Spot;Percentage;Recently;
806;THETA;THETA;THETA/ETH;$1 353 245;$3.25;0,00%;90;Spot;Percentage;Recently;
807;Wabi;Wabi;WABI/BTC;$1 347 241;$0.2232;0,00%;108;Spot;Percentage;Recently;
808;NULS;NULS;NULS/BTC;$1 345 646;$0.6084;0,00%;94;Spot;Percentage;Recently;
809;Aavegotchi;Aavegotchi;GHST/ETH;$1 343 924;$1.23;0,00%;77;Spot;Percentage;Recently;
810;OAX;OAX;OAX/BTC;$1 338 944;$0.2782;0,00%;91;Spot;Percentage;Recently;
811;Chainlink;Chainlink;LINK/TRY;$1 321 324;$31.62;0,00%;119;Spot;Percentage;Recently;
812;XRP;XRP;XRP/BRL;$1 312 526;$0.5986;0,00%;105;Spot;Percentage;Recently;
813;Bitcoin;Bitcoin;BTC/UAH;$1 311 583;$53,714.00;0,00%;203;Spot;Percentage;Recently;
814;Everipedia;Everipedia;IQ/BUSD;$1 306 819;$0.008385;0,00%;65;Spot;Percentage;Recently;
815;TrueFi;TrueFi;TRU/BTC;$1 303 089;$0.3818;0,00%;77;Spot;Percentage;Recently;
816;NKN;NKN;NKN/USDT;$1 300 582;$0.05059;0,00%;80;Spot;Percentage;Recently;
817;IDEX;IDEX;IDEX/BTC;$1 295 402;$0.06646;0,00%;73;Spot;Percentage;Recently;
818;WazirX;WazirX;WRX/BUSD;$1 285 135;$0.3146;0,00%;83;Spot;Percentage;Recently;
819;Ethereum Classic;Ethereum Classic;ETC/ETH;$1 283 232;$13.68;0,00%;96;Spot;Percentage;Recently;
820;DREP;DREP;DREP/USDT;*** $1 277 665;*** $0.007711;0,00%;101;Spot;Percentage;Recently;
821;Populous;Populous;PPT/BTC;$1 274 169;$1.98;0,00%;122;Spot;Percentage;Recently;
822;Decentraland;Decentraland;MANA/BUSD;$1 273 090;$0.2816;0,00%;101;Spot;Percentage;Recently;
823;VeThor Token;VeThor Token;VTHO/BNB;$1 260 850;$0.005791;0,00%;64;Spot;Percentage;Recently;
824;Perlin;Perlin;PERL/BTC;$1 254 833;$0.06437;0,00%;79;Spot;Percentage;Recently;
825;Gifto;Gifto;GTO/BTC;$1 250 168;$0.02412;0,00%;54;Spot;Percentage;Recently;
826;Hive;Hive;HIVE/BTC;$1 230 271;$0.2739;0,00%;89;Spot;Percentage;Recently;
827;Request;Request;REQ/BTC;$1 214 594;$0.08583;0,00%;87;Spot;Percentage;Recently;
828;OST;OST;OST/BTC;*** $1 211 967;*** $0.01983;0,00%;56;Spot;Percentage;Recently;
829;Nebulas;Nebulas;NAS/ETH;$1 195 377;$0.6432;0,00%;67;Spot;Percentage;Recently;
830;Helium;Helium;HNT/BTC;$1 193 168;$3.55;0,00%;79;Spot;Percentage;Recently;
831;Juventus Fan Token;Juventus Fan Token;JUV/USDT;$1 193 000;$10.26;0,00%;76;Spot;Percentage;Recently;
832;TROY;TROY;TROY/BTC;$1 180 958;$0.008576;0,00%;39;Spot;Percentage;Recently;
833;OMG Network;OMG Network;OMG/ETH;$1 178 028;$5.52;0,00%;114;Spot;Percentage;Recently;
834;Power Ledger;Power Ledger;POWR/ETH;$1 170 959;$0.2495;0,00%;85;Spot;Percentage;Recently;
835;XRP;XRP;XRP/RUB;$1 161 416;$0.5901;0,00%;99;Spot;Percentage;Recently;
836;Curve DAO Token;CRV/BNB;$1 160 414;$2.53;0,00%;69;Spot;Percentage;Recently;
837;Wrapped NXM;WNXM/BTC;$1 153 782;$53.62;0,00%;96;Spot;Percentage;Recently;
838;TomoChain;TOMO/BUSD;$1 115 146;$1.75;0,00%;103;Spot;Percentage;Recently;
839;Cream Finance;CREAM/BNB;$1 112 690;$170.36;0,00%;57;Spot;Percentage;Recently;
840;DigiByte;DGB/BUSD;$1 094 209;$0.06979;0,00%;59;Spot;Percentage;Recently;
841;Waves;WAVES/BNB;$1 087 959;$10.45;0,00%;78;Spot;Percentage;Recently;
842;PowerPool;CVP/BUSD;$1 081 254;$3.25;0,00%;97;Spot;Percentage;Recently;
843;AS Roma Fan Token;ASR/USDT;$1 070 057;$7.01;0,00%;71;Spot;Percentage;Recently;
844;NKN;NKN/BTC;$1 053 372;$0.05092;0,00%;78;Spot;Percentage;Recently;
845;TokenClub;TCT/BTC;*** $1 050 887;*** $0.02358;0,00%;57;Spot;Percentage;Recently;
846;GoChain;GO/BTC;$1 049 597;$0.02144;0,00%;59;Spot;Percentage;Recently;
847;Bitcoin Cash ABC;BCHA/BUSD;$1 034 465;$15.64;0,00%;80;Spot;Percentage;Recently;
848;Quantstamp;QSP/BTC;$1 033 829;$0.05629;0,00%;78;Spot;Percentage;Recently;
849;Golem;GLM/ETH;$1 030 625;$0.3627;0,00%;67;Spot;Percentage;Recently;
850;JUST;JST/BUSD;$1 030 099;$0.05590;0,00%;94;Spot;Percentage;Recently;
851;VITE;VITE/BTC;$1 022 000;$0.03430;0,00%;67;Spot;Percentage;Recently;
852;Neo;NEO/USDC;$1 020 163;$47.76;0,00%;71;Spot;Percentage;Recently;
853;Ocean Protocol;OCEAN/BNB;$1 015 955;$1.10;0,00%;98;Spot;Percentage;Recently;
854;ICON;ICX/BNB;$995 205;$1.84;0,00%;91;Spot;Percentage;Recently;
855;YOYOW;YOYO/BTC;$992 953;$0.02734;0,00%;62;Spot;Percentage;Recently;
856;FunFair;FUN/BTC;$992 751;$0.03109;0,00%;69;Spot;Percentage;Recently;
857;Celer Network;CELR/BNB;$992 325;$0.02025;0,00%;60;Spot;Percentage;Recently;
858;Algorand;ALGO/BNB;$985 502;$1.17;0,00%;82;Spot;Percentage;Recently;
859;AppCoins;APPC/BTC;*** $978 328;*** $0.08523;0,00%;83;Spot;Percentage;Recently;
860;Synthetix;SNX/BNB;$957 157;$20.97;0,00%;83;Spot;Percentage;Recently;
861;Polkadot;DOT/BIDR;$952 409;$36.34;0,00%;97;Spot;Percentage;Recently;
862;Monero;XMR/BNB;$948 092;$222.72;0,00%;82;Spot;Percentage;Recently;
863;Chiliz;CHZ/BNB;$939 902;$0.04711;0,00%;74;Spot;Percentage;Recently;
864;DFI.Money;YFII/BUSD;$933 412;$2,738.82;0,00%;114;Spot;Percentage;Recently;
865;FIO Protocol;FIO/BTC;*** $929 702;*** $0.1362;0,00%;81;Spot;Percentage;Recently;
866;JUST;JST/BNB;$926 165;$0.05589;0,00%;70;Spot;Percentage;Recently;
867;Aragon;ANT/BUSD;$910 105;$5.40;0,00%;95;Spot;Percentage;Recently;
868;Harmony;ONE/BNB;$901 272;$0.02552;0,00%;62;Spot;Percentage;Recently;
869;Aergo;AERGO/BUSD;$898 791;$0.1167;0,00%;59;Spot;Percentage;Recently;
870;Atletico De Madrid Fan Token;ATM/USDT;$898 401;$7.95;0,00%;74;Spot;Percentage;Recently;
871;Phoenix Global;Phoenix Global;PHB/BTC;$888 933;$0.008583;0,00%;39;Spot;Percentage;Recently;
872;WINk;WINk;WIN/TRX;$888 412;$0.0002314;0,00%;72;Spot;Percentage;Recently;
873;Basic Attention Token;Basic Attention Token;BAT/ETH;$881 498;$0.5318;0,00%;79;Spot;Percentage;Recently;
874;Loom Network;Loom Network;LOOM/ETH;$880 903;$0.1330;0,00%;77;Spot;Percentage;Recently;
875;Swipe;Swipe;SXP/GBP;$873 864;$2.79;0,00%;90;Spot;Percentage;Recently;
876;Tezos;Tezos;XTZ/BNB;$856 355;$4.05;0,00%;70;Spot;Percentage;Recently;
877;Blox;Blox;CDT/BTC;$855 657;$0.01983;0,00%;55;Spot;Percentage;Recently;
878;Tether;Tether;USDT/IDRT;$853 049;$1.00;0,00%;131;Spot;Percentage;Recently;
879;Loopring;Loopring;LRC/BUSD;$845 565;$0.6585;0,00%;99;Spot;Percentage;Recently;
880;Status;Status;SNT/ETH;$843 073;$0.1029;0,00%;78;Spot;Percentage;Recently;
881;WINk;WINk;WIN/BNB;$843 064;$0.0002321;0,00%;62;Spot;Percentage;Recently;
882;SKALE Network;SKALE Network;SKL/BUSD;$840 912;$0.2645;0,00%;86;Spot;Percentage;Recently;
883;SingularDTV;SingularDTV;SNGLS/BTC;$833 532;$0.01395;0,00%;47;Spot;Percentage;Recently;
884;Nervos Network;Nervos Network;CKB/BUSD;$831 962;$0.009666;0,00%;78;Spot;Percentage;Recently;
885;The Sandbox;The Sandbox;SAND/BNB;$830 247;$0.2880;0,00%;68;Spot;Percentage;Recently;
886;Dogecoin;Dogecoin;DOGE/AUD;$823 285;$0.05441;0,00%;76;Spot;Percentage;Recently;
887;Everipedia;Everipedia;IQ/BNB;$812 995;$0.008384;0,00%;51;Spot;Percentage;Recently;
888;Cosmos;Cosmos;ATOM/USDC;$807 828;$19.64;0,00%;67;Spot;Percentage;Recently;
889;Neblio;Neblio;NEBL/ETH;$807 158;$2.41;0,00%;69;Spot;Percentage;Recently;
890;Travala.com;AVA/BNB;$806 191;$2.58;0,00%;64;Spot;Percentage;Recently;
891;Nano;NANO/ETH;$801 239;$6.49;0,00%;69;Spot;Percentage;Recently;
892;Tether;USDT/UAH;$788 626;$1.00;0,00%;457;Spot;Percentage;Recently;
893;CertiK;CTK/BUSD;$784 179;$1.89;0,00%;60;Spot;Percentage;Recently;
894;HARD Protocol;HARD/BUSD;$775 901;$1.78;0,00%;59;Spot;Percentage;Recently;
895;Mithril;Mithril;MITH/BTC;$770 375;$0.02091;0,00%;60;Spot;Percentage;Recently;
896;Serum;Serum;SRM/BNB;$760 366;$4.75;0,00%;73;Spot;Percentage;Recently;
897;Prometeus;Prometeus;PROM/BNB;$754 170;$18.39;0,00%;61;Spot;Percentage;Recently;
898;Reserve Rights;Reserve Rights;RSR/BNB;$751 386;$0.04924;0,00%;76;Spot;Percentage;Recently;
899;sUSD;sUSD;SUSD/BTC;$748 475;$1.02;0,00%;110;Spot;Percentage;Recently;
900;Binance USD;Binance USD;BUSD/BIDR;$741 669;$0.9994;0,00%;114;Spot;Percentage;Recently;
901;EOS;EOS;EOS/TUSD;$736 040;$4.59;0,00%;56;Spot;Percentage;Recently;
902;VIBE;VIBE;VIBE/BTC;$735 742;$0.02251;0,00%;19;Spot;Percentage;294 hours ago;903;Horizen;Horizen;ZEN/ETH;$732 634;$64.59;0,00%;76;Spot;Percentage;Recently;
904;Zilliqa;Zilliqa;ZIL/BNB;$730 095;$0.1245;0,00%;73;Spot;Percentage;Recently;
905;THETA;THETA;THETA/BNB;$725 234;$3.25;0,00%;72;Spot;Percentage;Recently;
906;Chainlink;Chainlink;LINK/TUSD;$721 649;$31.29;0,00%;60;Spot;Percentage;Recently;
907;Axie Infinity;Axie Infinity;AXS/BUSD;$715 353;$1.65;0,00%;89;Spot;Percentage;Recently;
908;Kyber Network;Kyber Network;KNC/ETH;$707 398;$1.94;0,00%;83;Spot;Percentage;Recently;
909;MovieBloc;MovieBloc;MBL/BNB;$702 951;$0.003566;0,00%;52;Spot;Percentage;Recently;
910;NEAR Protocol;NEAR Protocol;NEAR/BNB;$698 281;$3.60;0,00%;104;Spot;Percentage;Recently;
911;Bella Protocol;Bella Protocol;BEL/BUSD;$697 706;$2.59;0,00%;65;Spot;Percentage;Recently;
912;DigiByte;DigiByte;DGB/BNB;$696 762;$0.06973;0,00%;65;Spot;Percentage;Recently;
913;Kyber Network;Kyber Network;KNC/BUSD;$684 463;$1.93;0,00%;96;Spot;Percentage;Recently;
914;HARD Protocol;HARD Protocol;HARD/BNB;*** $674 354;*** $1.78;0,00%;47;Spot;Percentage;Recently;
915;Litecoin;LTC/BRL;$673 638;$209.59;0,00%;112;Spot;Percentage;Recently;
916;Ontology;ONT/BNB;$672 797;$1.22;0,00%;71;Spot;Percentage;Recently;
917;sUSD;SUSD/USDT;$670 151;$1.01;0,00%;174;Spot;Percentage;Recently;
918;WazirX;WRX/BNB;$665 703;$0.3142;0,00%;59;Spot;Percentage;Recently;
919;Decentraland;MANA/ETH;$664 182;$0.2820;0,00%;80;Spot;Percentage;Recently;
920;Lisk;LSK/ETH;$660 938;$3.28;0,00%;73;Spot;Percentage;Recently;
921;Cindicator;CND/BTC;*** $658 966;*** $0.02090;0,00%;52;Spot;Percentage;Recently;
922;Travala.com;AVA/BUSD;$657 489;$2.59;0,00%;75;Spot;Percentage;Recently;
923;Agrello;DLT/BTC;$648 959;$0.1174;0,00%;76;Spot;Percentage;Recently;
924;Chainlink;LINK/BRL;$647 291;$31.46;0,00%;118;Spot;Percentage;Recently;
925;Paris Saint-Germain Fan Token;PSG/BTC;$645 619;$10.44;0,00%;64;Spot;Percentage;Recently;
926;Qtum;QTUM/ETH;$640 216;$6.34;0,00%;82;Spot;Percentage;Recently;
927;Syscoin;SYS/BUSD;$639 228;$0.1719;0,00%;52;Spot;Percentage;Recently;
928;Wanchain;WAN/ETH;$637 534;$0.9194;0,00%;69;Spot;Percentage;Recently;
929;CertiK;CTK/BNB;$633 762;$1.89;0,00%;52;Spot;Percentage;Recently;
930;Waves;WAVES/ETH;$631 944;$10.44;0,00%;95;Spot;Percentage;Recently;
931;BitTorrent;BTT/USDC;$630 746;$0.001646;0,00%;53;Spot;Percentage;Recently;
932;Tellor;TRB/BUSD;$625 813;$40.78;0,00%;66;Spot;Percentage;Recently;
933;Binance USD;BUSD/RUB;$612 858;$1.01;0,00%;188;Spot;Percentage;Recently;
934;QuarkChain;QKC/ETH;$611 954;$0.01437;0,00%;94;Spot;Percentage;Recently;
935;Hedera Hashgraph;HBAR/BNB;$607 877;$0.1435;0,00%;64;Spot;Percentage;Recently;
936;Chainlink;LINK/AUD;$607 232;$31.25;0,00%;119;Spot;Percentage;Recently;
937;Cocos-BCX;COCOS/BNB;$601 636;$0.8962;0,00%;49;Spot;Percentage;Recently;
938;Bread;BRD/ETH;$597 180;$0.2249;0,00%;75;Spot;Percentage;Recently;
939;Contentos;COS/BNB;$588 950;$0.01757;0,00%;45;Spot;Percentage;Recently;
940;Monetha;MTH/BTC;$579 348;$0.02144;0,00%;56;Spot;Percentage;Recently;
941;Balancer;BAL/BUSD;$575 122;$40.56;0,00%;103;Spot;Percentage;Recently;
942;Civic;CVC/ETH;$574 722;$0.4099;0,00%;78;Spot;Percentage;Recently;
943;Cartesi;CTSI/BUSD;$573 968;$0.1923;0,00%;61;Spot;Percentage;Recently;
944;Cortex;CTXC/BTC;*** $571 374;*** $0.1908;0,00%;87;Spot;Percentage;Recently;
945;Bitcoin Cash;BCH/TUSD;$566 660;$618.79;0,00%;83;Spot;Percentage;Recently;
946;Swerve;SWRV/BNB;$565 867;$1.44;0,00%;43;Spot;Percentage;Recently;
947;Steem;STEEM/ETH;$543 813;$0.4495;0,00%;72;Spot;Percentage;Recently;
948;Enjin Coin;ENJ/BNB;$542 553;$0.5289;0,00%;63;Spot;Percentage;Recently;
949;TRON;TRX/TUSD;$522 034;$0.05351;0,00%;77;Spot;Percentage;Recently;
950;Metal;MTL/ETH;$513 810;$0.9631;0,00%;64;Spot;Percentage;Recently;
951;IDEX;IDEX/BUSD;$513 275;$0.06645;0,00%;70;Spot;Percentage;Recently;
952;Siacoin;SC/BNB;$513 168;$0.01176;0,00%;57;Spot;Percentage;Recently;
953;PowerPool;CVP/ETH;$507 540;$3.21;0,00%;63;Spot;Percentage;Recently;
954;Swipe;SXP/AUD;$505 179;$2.81;0,00%;82;Spot;Percentage;Recently;
955;Basic Attention Token;BAT/BNB;$504 353;$0.5361;0,00%;68;Spot;Percentage;Recently;
956;dForce;DF/ETH;$500 492;$0.4211;0,00%;45;Spot;Percentage;Recently;
957;StormX;STMX/BNB;$500 133;$0.01118;0,00%;53;Spot;Percentage;Recently;
958;Keep3rV1;KP3R/BNB;$499 320;$326.48;0,00%;59;Spot;Percentage;Recently;
959;iExec RLC;RLC/ETH;$498 594;$1.85;0,00%;83;Spot;Percentage;Recently;
960;renBTC;RENBTC/BTC;$498 528;$53,640.32;0,00%;146;Spot;Percentage;Recently;
961;Stacks;STX/BNB;$491 271;$0.7213;0,00%;92;Spot;Percentage;Recently;
962;AS Roma Fan Token;ASR/BTC;$489 529;$7.06;0,00%;63;Spot;Percentage;Recently;
963;Dogecoin;DOGE/BRL;$488 744;$0.05509;0,00%;77;Spot;Percentage;Recently;
964;GXChain;GXS/ETH;$478 770;$0.6296;0,00%;67;Spot;Percentage;Recently;
965;QLC Chain;QLC/ETH;$470 412;$0.06223;0,00%;76;Spot;Percentage;Recently;
966;Numeraire;NMR/BUSD;$469 890;$36.88;0,00%;91;Spot;Percentage;Recently;
967;Ethereum Classic;ETC/BNB;$467 024;$13.81;0,00%;74;Spot;Percentage;Recently;
968;FIO Protocol;FIO/BNB;$460 648;$0.1357;0,00%;47;Spot;Percentage;Recently;
969;Hegic;HEGIC/ETH;$457 464;$0.3566;0,00%;56;Spot;Percentage;Recently;
970;Flamingo;FLM/BUSD;$443 364;$0.4341;0,00%;63;Spot;Percentage;Recently;
971;Wanchain;WAN/BNB;$438 567;$0.9155;0,00%;50;Spot;Percentage;Recently;
972;COVER Protocol;COVER/ETH;$432 043;$1,101.19;0,00%;49;Spot;Percentage;Recently;
973;Wing;WING/BUSD;$419 697;$28.40;0,00%;68;Spot;Percentage;Recently;
974;ARPA Chain;ARPA/BNB;$415 725;$0.03939;0,00%;52;Spot;Percentage;Recently;
975;DIA;DIA/BNB;$415 255;$2.69;0,00%;58;Spot;Percentage;Recently;
976;Stratis;STRAX/BUSD;$410 078;$1.46;0,00%;61;Spot;Percentage;Recently;
977;Stratis;STRAX/ETH;$409 089;$1.47;0,00%;75;Spot;Percentage;Recently;
978;Binance Coin;BNB/IDRT;$402 925;$265.01;0,00%;46;Spot;Percentage;Recently;
979;Wing;WING/BNB;$398 165;$28.24;0,00%;57;Spot;Percentage;Recently;
980;Unifi Protocol DAO;UNFI/BNB;$394 474;$23.14;0,00%;53;Spot;Percentage;Recently;
981;TrueFi;TRU/BUSD;$392 114;$0.3819;0,00%;62;Spot;Percentage;Recently;
982;Viberate;VIB/ETH;$389 017;$0.05997;0,00%;64;Spot;Percentage;Recently;
983;Cartesi;CTSI/BNB;$388 967;$0.1932;0,00%;56;Spot;Percentage;Recently;
984;Augur;REP/ETH;$385 986;$30.82;0,00%;69;Spot;Percentage;Recently;
985;Waltonchain;WTC/BNB;$383 393;$1.04;0,00%;46;Spot;Percentage;Recently;
986;Litecoin;LTC/RUB;$382 377;$206.39;0,00%;115;Spot;Percentage;Recently;
987;Fetch.ai;FET/BNB;$371 531;$0.2715;0,00%;64;Spot;Percentage;Recently;
988;Litecoin;LTC/TUSD;$356 126;$204.15;0,00%;86;Spot;Percentage;Recently;
989;Horizen;Horizen;ZEN/BNB;$354 658;$65.13;0,00%;57;Spot;Percentage;Recently;
990;aelf;aelf;ELF/ETH;$351 916;$0.2669;0,00%;69;Spot;Percentage;Recently;
991;Algorand;Algorand;ALGO/TUSD;$348 048;$1.17;0,00%;79;Spot;Percentage;Recently;
992;Kava.io;Kava.io;KAVA/BNB;$341 053;$4.18;0,00%;60;Spot;Percentage;Recently;
993;Audius;Audius;AUDIO/BUSD;$340 998;$0.3980;0,00%;74;Spot;Percentage;Recently;
994;TROY;TROY;TROY/BNB;$338 916;$0.008330;0,00%;58;Spot;Percentage;Recently;
995;Tether;Tether;USDT/BVND;$336 308;$0.9999;0,00%;184;Spot;Percentage;Recently;
996;Origin Protocol;Origin Protocol;OGN/BNB;$329 782;$0.3726;0,00%;55;Spot;Percentage;Recently;
997;Bitcoin;Bitcoin;BTC/IDRT;$325 760;$53,613.48;0,00%;62;Spot;Percentage;Recently;
998;Phoenix Global;Phoenix Global;PHB/TUSD;$325 033;$0.008791;0,00%;66;Spot;Percentage;Recently;
999;Blox;Blox;CDT/ETH;$323 824;$0.01977;0,00%;80;Spot;Percentage;Recently;
1000;Juventus Fan Token;Juventus Fan Token;JUV/BTC;$298 923;$10.28;0,00%;60;Spot;Percentage;Recently;
1001;Tether;Tether;USDT/ZAR;$297 365;$1.01;0,00%;75;Spot;Percentage;Recently;
1002;Bella Protocol;Bella Protocol;BEL/BNB;$292 991;$2.58;0,00%;61;Spot;Percentage;Recently;
1003;AdEx Network;AdEx Network;ADX/ETH;$289 613;$0.6749;0,00%;84;Spot;Percentage;Recently;
1004;Bluzelle;Bluzelle;BLZ/ETH;$288 838;$0.1804;0,00%;69;Spot;Percentage;Recently;
1005;Atletico De Madrid Fan Token;Atletico De Madrid Fan Token;ATM/BTC;$283 116;$7.98;0,00%;60;Spot;Percentage;Recently;
1006;OST;OST;OST/ETH;*** $277 688;*** $0.01961;0,00%;69;Spot;Percentage;Recently;
1007;district0x;district0x;DNT/BUSD;$277 168;$0.2762;0,00%;62;Spot;Percentage;Recently;
1008;Zilliqa;Zilliqa;ZIL/BIDR;$268 428;$0.1244;0,00%;71;Spot;Percentage;Recently;
1009;Binance Coin;Binance Coin;BNB/PAX;$268 267;$265.57;0,00%;56;Spot;Percentage;Recently;
1010;Swipe;Swipe;SXP/BIDR;$266 543;$2.77;0,00%;68;Spot;Percentage;Recently;
1011;Aragon;Aragon;ANT/BNB;$260 171;$5.38;0,00%;78;Spot;Percentage;Recently;
1012;FIO Protocol;FIO Protocol;FIO/BUSD;*** $259 218;*** $0.1362;0,00%;64;Spot;Percentage;Recently;
1013;Wabi;Wabi;WABI/BNB;$256 072;$0.2254;0,00%;52;Spot;Percentage;Recently;
1014;Mithril;Mithril;MITH/BNB;$245 700;$0.02081;0,00%;46;Spot;Percentage;Recently;
1015;The Graph;The Graph;GRT/EUR;$242 522;$0.9135;0,00%;122;Spot;Percentage;321 hours ago;1016;BitTorrent;BitTorrent;BTT/TUSD;$242 175;$0.001646;0,00%;39;Spot;Percentage;Recently;
1017;Streamr;Streamr;DATA/ETH;$235 849;$0.09658;0,00%;68;Spot;Percentage;Recently;
1018;DFI.Money;YFII/BNB;$232 316;$2,728.00;0,00%;86;Spot;Percentage;Recently;
1019;Axie Infinity;AXS/BNB;$221 929;$1.66;0,00%;56;Spot;Percentage;Recently;
1020;Quantstamp;QSP/ETH;$218 078;$0.05583;0,00%;69;Spot;Percentage;Recently;
1021;FunFair;FUN/ETH;$215 657;$0.03083;0,00%;63;Spot;Percentage;Recently;
1022;Chromia;CHR/BNB;$209 998;$0.05882;0,00%;51;Spot;Percentage;Recently;
1023;Firo;FIRO/ETH;$205 793;$6.22;0,00%;59;Spot;Percentage;Recently;
1024;Streamr;DATA/BUSD;$201 593;$0.09738;0,00%;68;Spot;Percentage;Recently;
1025;Bluzelle;BLZ/BNB;$199 993;$0.1791;0,00%;63;Spot;Percentage;Recently;
1026;Maker;MKR/BNB;$180 977;$2,331.97;0,00%;84;Spot;Percentage;Recently;
1027;Perlin;PERL/BNB;$180 560;$0.06402;0,00%;48;Spot;Percentage;Recently;
1028;Bitcoin;Bitcoin;BTC/VAI;$175 810;$54,231.84;0,00%;38;Spot;Percentage;Recently;
1029;XRP;XRP;XRP/PAX;$162 727;$0.5883;0,00%;54;Spot;Percentage;Recently;
1030;Wrapped NXM;Wrapped NXM;WNXM/BNB;$158 500;$53.50;0,00%;63;Spot;Percentage;Recently;
1031;Binance USD;Binance USD;BUSD/IDRT;$153 800;$0.9870;0,00%;-;Spot;Percentage;76 hours ago;1032;Basic Attention Token;Basic Attention Token;BAT/USDC;$151 894;$0.5468;0,00%;51;Spot;Percentage;Recently;
1033;Numeraire;Numeraire;NMR/BNB;$121 584;$36.62;0,00%;39;Spot;Percentage;Recently;
1034;Paris Saint-Germain Fan Token;Paris Saint-Germain Fan Token;PSG/BUSD;$103 107;$10.44;0,00%;50;Spot;Percentage;Recently;
1035;Juventus Fan Token;Juventus Fan Token;JUV/BUSD;$98 065;$10.29;0,00%;42;Spot;Percentage;Recently;
1036;sUSD;sUSD;SUSD/ETH;$87 476;$0.9212;0,00%;-;Spot;Percentage;76 hours ago;1037;TRON;TRON;TRX/PAX;$82 303;$0.05324;0,00%;65;Spot;Percentage;Recently;
1038;Bitcoin Cash;Bitcoin Cash;BCH/PAX;$64 490;$613.98;0,00%;33;Spot;Percentage;Recently;
1039;WINk;WINk;WIN/USDC;$61 908;$0.0002318;0,00%;38;Spot;Percentage;Recently;
1040;Binance Coin;Binance Coin;BNB/ZAR;$48 759;$268.17;0,00%;56;Spot;Percentage;Recently;
1041;Binance USD;Binance USD;BUSD/BVND;$45 850;$0.9957;0,00%;90;Spot;Percentage;Recently;
1042;Tether;Tether;USDT/BKRW;$42 883;$1.00;0,00%;-;Spot;Percentage;76 hours ago;1043;Litecoin;Litecoin;LTC/PAX;$40 352;$209.81;0,00%;46;Spot;Percentage;Recently;
1044;Binance USD;Binance USD;BUSD/ZAR;$35 393;$1.01;0,00%;54;Spot;Percentage;Recently;
1045;Ethereum;Ethereum;ETH/ZAR;$34 438;$1,785.54;0,00%;58;Spot;Percentage;Recently;
1046;renBTC;renBTC;RENBTC/ETH;$26 370;$54,495.13;0,00%;47;Spot;Percentage;Recently;
;*** Price/Volume Excluded - Outlier Detected;Unverified Markets;Rank;	Pair	Volume (24h)	Price	Updated;1;LINK/GBP;22.15;Recently;
2;GXS/USDT;0.6246;Recently;
3;REEF/USDT;0.036875;Recently;
4;UNFI/USDT;21.957;Recently;
Related Exchanges;    Bitcoin.com ExchangeBitcoin.com Exchange;    CoinBeneCoinBene;    BitfinexBitfinex;    DeribitDeribit;    Changelly PROChangelly PRO;